Id,RecordingUrls
31ae08445f47e0b3f881d0978dfb195c,https://recordings.mum1.exotel.com/exotelrecordings/equalidentity1m/31ae08445f47e0b3f881d0978dfb195c.mp3
26c3b307c35019164e2dca0985b0195c,https://recordings.mum1.exotel.com/exotelrecordings/equalidentity1m/26c3b307c35019164e2dca0985b0195c.mp3
8d56f9eddde6de72d2aa3e3368bf195c,https://recordings.mum1.exotel.com/exotelrecordings/equalidentity1m/8d56f9eddde6de72d2aa3e3368bf195c.mp3
e4b970dd778efbb022e0fb2f9819195c,https://recordings.mum1.exotel.com/exotelrecordings/equalidentity1m/e4b970dd778efbb022e0fb2f9819195c.mp3
cc23ca120f5b94ec8429ab9ecf26195c,https://recordings.mum1.exotel.com/exotelrecordings/equalidentity1m/cc23ca120f5b94ec8429ab9ecf26195c.mp3
4c08bdbbd331f1efce7636a83c97195c,https://recordings.mum1.exotel.com/exotelrecordings/equalidentity1m/4c08bdbbd331f1efce7636a83c97195c.mp3
6995079980927f41ea2d08ce0396195c,https://recordings.mum1.exotel.com/exotelrecordings/equalidentity1m/6995079980927f41ea2d08ce0396195c.mp3
aee99ee5a7104b9485d57a0636a2195c,https://recordings.mum1.exotel.com/exotelrecordings/equalidentity1m/aee99ee5a7104b9485d57a0636a2195c.mp3
fe08da504dccc2c244adbc15b043195c,https://recordings.mum1.exotel.com/exotelrecordings/equalidentity1m/fe08da504dccc2c244adbc15b043195c.mp3
7580ac1b5139d089e3c1c845af8e195c,https://recordings.mum1.exotel.com/exotelrecordings/equalidentity1m/7580ac1b5139d089e3c1c845af8e195c.mp3
20d209fec64ea51dbc4281799faa195c,https://recordings.mum1.exotel.com/exotelrecordings/equalidentity1m/20d209fec64ea51dbc4281799faa195c.mp3
8ea386957e2c942cd89f7c00e8ca195c,https://recordings.mum1.exotel.com/exotelrecordings/equalidentity1m/8ea386957e2c942cd89f7c00e8ca195c.mp3
ad8030b50211d58ba51f6c5a4016195c,https://recordings.mum1.exotel.com/exotelrecordings/equalidentity1m/ad8030b50211d58ba51f6c5a4016195c.mp3
3c1d73572ef851c5f44a71c681d6195c,https://recordings.mum1.exotel.com/exotelrecordings/equalidentity1m/3c1d73572ef851c5f44a71c681d6195c.mp3
a0fb7962804f0d88445b9a5ff130195c,https://recordings.mum1.exotel.com/exotelrecordings/equalidentity1m/a0fb7962804f0d88445b9a5ff130195c.mp3
16ddc1604b16ceebcdd2a939ded1195c,https://recordings.mum1.exotel.com/exotelrecordings/equalidentity1m/16ddc1604b16ceebcdd2a939ded1195c.mp3
13dad5c29de88e40eccac799a7a4195c,https://recordings.mum1.exotel.com/exotelrecordings/equalidentity1m/13dad5c29de88e40eccac799a7a4195c.mp3
8871375e7acfafe15f6f2c61837c195d,https://recordings.mum1.exotel.com/exotelrecordings/equalidentity1m/8871375e7acfafe15f6f2c61837c195d.mp3
f6c7001dfecedc9a95fb492aaa10195d,https://recordings.mum1.exotel.com/exotelrecordings/equalidentity1m/f6c7001dfecedc9a95fb492aaa10195d.mp3
8afa6aa991499d992da3114a8fba195d,https://recordings.mum1.exotel.com/exotelrecordings/equalidentity1m/8afa6aa991499d992da3114a8fba195d.mp3
3ab879852a1bd6a98b192729499f195d,https://recordings.mum1.exotel.com/exotelrecordings/equalidentity1m/3ab879852a1bd6a98b192729499f195d.mp3
74620f040a312084ee8a35af46e4195d,https://recordings.mum1.exotel.com/exotelrecordings/equalidentity1m/74620f040a312084ee8a35af46e4195d.mp3
3e072e7ac727a9c4a2507915050d195d,https://recordings.mum1.exotel.com/exotelrecordings/equalidentity1m/3e072e7ac727a9c4a2507915050d195d.mp3
49d421ded2584e470784c456f720195d,https://recordings.mum1.exotel.com/exotelrecordings/equalidentity1m/49d421ded2584e470784c456f720195d.mp3
0c2fc53594192ee9300f6df31c64195d,https://recordings.mum1.exotel.com/exotelrecordings/equalidentity1m/0c2fc53594192ee9300f6df31c64195d.mp3
d303ce3cdb4105a6bda3f27ae143195d,https://recordings.mum1.exotel.com/exotelrecordings/equalidentity1m/d303ce3cdb4105a6bda3f27ae143195d.mp3
1a2f66ef437e2850a73201c7d8fb195d,https://recordings.mum1.exotel.com/exotelrecordings/equalidentity1m/1a2f66ef437e2850a73201c7d8fb195d.mp3
97e4217f02c67a63aa9dc9c76495195d,https://recordings.mum1.exotel.com/exotelrecordings/equalidentity1m/97e4217f02c67a63aa9dc9c76495195d.mp3
aa276acc001ccdfaefe2e154349b195d,https://recordings.mum1.exotel.com/exotelrecordings/equalidentity1m/aa276acc001ccdfaefe2e154349b195d.mp3
c2121d1bfc738d5cda1357e25d2d195d,https://recordings.mum1.exotel.com/exotelrecordings/equalidentity1m/c2121d1bfc738d5cda1357e25d2d195d.mp3
104eb02bb3aba8a4450215e195e6195d,https://recordings.mum1.exotel.com/exotelrecordings/equalidentity1m/104eb02bb3aba8a4450215e195e6195d.mp3
c73d8293428940e4cb0e72f3baf2195d,https://recordings.mum1.exotel.com/exotelrecordings/equalidentity1m/c73d8293428940e4cb0e72f3baf2195d.mp3
dc66519573471b9d5bc14900b5e3195d,https://recordings.mum1.exotel.com/exotelrecordings/equalidentity1m/dc66519573471b9d5bc14900b5e3195d.mp3
45fcd6352505b5334f1cc61f6c44195d,https://recordings.mum1.exotel.com/exotelrecordings/equalidentity1m/45fcd6352505b5334f1cc61f6c44195d.mp3
058478301b6510268080e4eae15b195d,https://recordings.mum1.exotel.com/exotelrecordings/equalidentity1m/058478301b6510268080e4eae15b195d.mp3
38252f0ec9399bbaf077185e7ca2195d,https://recordings.mum1.exotel.com/exotelrecordings/equalidentity1m/38252f0ec9399bbaf077185e7ca2195d.mp3
789b9a0ee216e07d21a847475bf8195d,https://recordings.mum1.exotel.com/exotelrecordings/equalidentity1m/789b9a0ee216e07d21a847475bf8195d.mp3
d01df9bce9cec246ea0abc9a52ea195d,https://recordings.mum1.exotel.com/exotelrecordings/equalidentity1m/d01df9bce9cec246ea0abc9a52ea195d.mp3
b17a8ca8a3d2ae5c0c882181f82e195e,https://recordings.mum1.exotel.com/exotelrecordings/equalidentity1m/b17a8ca8a3d2ae5c0c882181f82e195e.mp3
bfb2c7f8fdf69e24845a25cfd056195e,https://recordings.mum1.exotel.com/exotelrecordings/equalidentity1m/bfb2c7f8fdf69e24845a25cfd056195e.mp3
ff4291fb0282c0d3c4629b8b4690195e,https://recordings.mum1.exotel.com/exotelrecordings/equalidentity1m/ff4291fb0282c0d3c4629b8b4690195e.mp3
4b132f2a9674b79bbc5943842d82195e,https://recordings.mum1.exotel.com/exotelrecordings/equalidentity1m/4b132f2a9674b79bbc5943842d82195e.mp3
441dc53ef7adb99b01f8c9d07461195e,https://recordings.mum1.exotel.com/exotelrecordings/equalidentity1m/441dc53ef7adb99b01f8c9d07461195e.mp3
e7ba130720e078fd46f26e891f13195e,https://recordings.mum1.exotel.com/exotelrecordings/equalidentity1m/e7ba130720e078fd46f26e891f13195e.mp3
ae9d8af6536dcc3404b02f6edccd195e,https://recordings.mum1.exotel.com/exotelrecordings/equalidentity1m/ae9d8af6536dcc3404b02f6edccd195e.mp3
e0d595f7223208242248b307bd94195e,https://recordings.mum1.exotel.com/exotelrecordings/equalidentity1m/e0d595f7223208242248b307bd94195e.mp3
7b6ea77c9e8d1a468fb02f72990e195e,https://recordings.mum1.exotel.com/exotelrecordings/equalidentity1m/7b6ea77c9e8d1a468fb02f72990e195e.mp3
d954d8d53baa709b9667ec6108f1195e,https://recordings.mum1.exotel.com/exotelrecordings/equalidentity1m/d954d8d53baa709b9667ec6108f1195e.mp3
c35d80ce95ee854d1fc2c114cb28195e,https://recordings.mum1.exotel.com/exotelrecordings/equalidentity1m/c35d80ce95ee854d1fc2c114cb28195e.mp3
199bc054230c9b318b98ea3f520a195e,https://recordings.mum1.exotel.com/exotelrecordings/equalidentity1m/199bc054230c9b318b98ea3f520a195e.mp3
1d60c34a5c4fc9da6cc768f4b770195e,https://recordings.mum1.exotel.com/exotelrecordings/equalidentity1m/1d60c34a5c4fc9da6cc768f4b770195e.mp3
4da7187076c4948781d6f8a38b97195e,https://recordings.mum1.exotel.com/exotelrecordings/equalidentity1m/4da7187076c4948781d6f8a38b97195e.mp3
5d51afec061005369fcb5dacbe77195e,https://recordings.mum1.exotel.com/exotelrecordings/equalidentity1m/5d51afec061005369fcb5dacbe77195e.mp3
c018a9d317e5bf45c1c1f15b7430195e,https://recordings.mum1.exotel.com/exotelrecordings/equalidentity1m/c018a9d317e5bf45c1c1f15b7430195e.mp3
b0e5a4210458b8b9961bdcf2a6ad195e,https://recordings.mum1.exotel.com/exotelrecordings/equalidentity1m/b0e5a4210458b8b9961bdcf2a6ad195e.mp3
9e4aa77280fa9adb54cbebd584c6195e,https://recordings.mum1.exotel.com/exotelrecordings/equalidentity1m/9e4aa77280fa9adb54cbebd584c6195e.mp3
473a99b9a7787955a8f070eb9821195e,https://recordings.mum1.exotel.com/exotelrecordings/equalidentity1m/473a99b9a7787955a8f070eb9821195e.mp3
63c9c548c1b11c1be802d4219f91195e,https://recordings.mum1.exotel.com/exotelrecordings/equalidentity1m/63c9c548c1b11c1be802d4219f91195e.mp3
4c560621f2d058c0f0447ecf2275195e,https://recordings.mum1.exotel.com/exotelrecordings/equalidentity1m/4c560621f2d058c0f0447ecf2275195e.mp3
ac16d5ad027becc97662079834a1195e,https://recordings.mum1.exotel.com/exotelrecordings/equalidentity1m/ac16d5ad027becc97662079834a1195e.mp3
26b9dcf1cb34c70e936bf3d54b80195e,https://recordings.mum1.exotel.com/exotelrecordings/equalidentity1m/26b9dcf1cb34c70e936bf3d54b80195e.mp3
d805c4fe86d2a81df1dcd43dde11195e,https://recordings.mum1.exotel.com/exotelrecordings/equalidentity1m/d805c4fe86d2a81df1dcd43dde11195e.mp3
5632fca685fd53bc56af38fd3648195e,https://recordings.mum1.exotel.com/exotelrecordings/equalidentity1m/5632fca685fd53bc56af38fd3648195e.mp3
965f6d76bbc51b4afdaf6753961c195e,https://recordings.mum1.exotel.com/exotelrecordings/equalidentity1m/965f6d76bbc51b4afdaf6753961c195e.mp3
d8ec1ff6f064bffc4d735ad2cda7195e,https://recordings.mum1.exotel.com/exotelrecordings/equalidentity1m/d8ec1ff6f064bffc4d735ad2cda7195e.mp3
e1750030a485652f5b4e3a738151195e,https://recordings.mum1.exotel.com/exotelrecordings/equalidentity1m/e1750030a485652f5b4e3a738151195e.mp3
841ac23ad2ccc5df16dd19e105bf195e,https://recordings.mum1.exotel.com/exotelrecordings/equalidentity1m/841ac23ad2ccc5df16dd19e105bf195e.mp3
4e36a03849752338211537bbeafe195e,https://recordings.mum1.exotel.com/exotelrecordings/equalidentity1m/4e36a03849752338211537bbeafe195e.mp3
612c319d8dd6a0f41bdaaec32733195e,https://recordings.mum1.exotel.com/exotelrecordings/equalidentity1m/612c319d8dd6a0f41bdaaec32733195e.mp3
3686459a63c7273f48059a2a3c1a195e,https://recordings.mum1.exotel.com/exotelrecordings/equalidentity1m/3686459a63c7273f48059a2a3c1a195e.mp3
e16365f1f4a0678c08374c4ebe4f195e,https://recordings.mum1.exotel.com/exotelrecordings/equalidentity1m/e16365f1f4a0678c08374c4ebe4f195e.mp3
a5f6c94633d8b57aa88586f73c24195e,https://recordings.mum1.exotel.com/exotelrecordings/equalidentity1m/a5f6c94633d8b57aa88586f73c24195e.mp3
a84574c523d85eac81154a8eaca4195e,https://recordings.mum1.exotel.com/exotelrecordings/equalidentity1m/a84574c523d85eac81154a8eaca4195e.mp3
f8b4c8ef36d0f66c87e7e3dd7862195e,https://recordings.mum1.exotel.com/exotelrecordings/equalidentity1m/f8b4c8ef36d0f66c87e7e3dd7862195e.mp3
0751a7815c04eb79de542b05a2a7195e,https://recordings.mum1.exotel.com/exotelrecordings/equalidentity1m/0751a7815c04eb79de542b05a2a7195e.mp3
2c78f5954c71093bb6eff3d57d26195e,https://recordings.mum1.exotel.com/exotelrecordings/equalidentity1m/2c78f5954c71093bb6eff3d57d26195e.mp3
f4cf69b67ec0ef50fb164fb74041195e,https://recordings.mum1.exotel.com/exotelrecordings/equalidentity1m/f4cf69b67ec0ef50fb164fb74041195e.mp3
722313d2b0d80739b06f61a2a402195e,https://recordings.mum1.exotel.com/exotelrecordings/equalidentity1m/722313d2b0d80739b06f61a2a402195e.mp3
c893a1ccd72c6b7578f763ef06f6195e,https://recordings.mum1.exotel.com/exotelrecordings/equalidentity1m/c893a1ccd72c6b7578f763ef06f6195e.mp3
a1f80e12fa336c4661c272cde25d195e,https://recordings.mum1.exotel.com/exotelrecordings/equalidentity1m/a1f80e12fa336c4661c272cde25d195e.mp3
174906aaffa72b56654fe20c4922195e,https://recordings.mum1.exotel.com/exotelrecordings/equalidentity1m/174906aaffa72b56654fe20c4922195e.mp3
55b3c0e933f55e30024dd98fa881195e,https://recordings.mum1.exotel.com/exotelrecordings/equalidentity1m/55b3c0e933f55e30024dd98fa881195e.mp3
706a2d3f9d110248f03f2fe61fd8195e,https://recordings.mum1.exotel.com/exotelrecordings/equalidentity1m/706a2d3f9d110248f03f2fe61fd8195e.mp3
a3b2c80ab026f51411b36e3fe479195e,https://recordings.mum1.exotel.com/exotelrecordings/equalidentity1m/a3b2c80ab026f51411b36e3fe479195e.mp3
02a38a779adcb831a8b6d8e2cf67195f,https://recordings.mum1.exotel.com/exotelrecordings/equalidentity1m/02a38a779adcb831a8b6d8e2cf67195f.mp3
a969a0f3f76109782b6fcb41e540195f,https://recordings.mum1.exotel.com/exotelrecordings/equalidentity1m/a969a0f3f76109782b6fcb41e540195f.mp3
c2565fe8414a897b49d801477d2d195f,https://recordings.mum1.exotel.com/exotelrecordings/equalidentity1m/c2565fe8414a897b49d801477d2d195f.mp3
bb81d060c588c873087765c19632195f,https://recordings.mum1.exotel.com/exotelrecordings/equalidentity1m/bb81d060c588c873087765c19632195f.mp3
79cd3d3d265c951a57de2f54ea1d195f,https://recordings.mum1.exotel.com/exotelrecordings/equalidentity1m/79cd3d3d265c951a57de2f54ea1d195f.mp3
7f25d86b90ed268ad4466461223e195f,https://recordings.mum1.exotel.com/exotelrecordings/equalidentity1m/7f25d86b90ed268ad4466461223e195f.mp3
e872d26b95ad710335d087766352195f,https://recordings.mum1.exotel.com/exotelrecordings/equalidentity1m/e872d26b95ad710335d087766352195f.mp3
f4d6b202fcbfd3a8b22b7eaf1254195f,https://recordings.mum1.exotel.com/exotelrecordings/equalidentity1m/f4d6b202fcbfd3a8b22b7eaf1254195f.mp3
63b3da0b541eff9d9973867503c5195f,https://recordings.mum1.exotel.com/exotelrecordings/equalidentity1m/63b3da0b541eff9d9973867503c5195f.mp3
c2ab2d9daa9e05b304e0c2ed055a195f,https://recordings.mum1.exotel.com/exotelrecordings/equalidentity1m/c2ab2d9daa9e05b304e0c2ed055a195f.mp3
42069aa4c0f9b35d2d8c84c2d93e195f,https://recordings.mum1.exotel.com/exotelrecordings/equalidentity1m/42069aa4c0f9b35d2d8c84c2d93e195f.mp3
f460992a331c88841e6afc51fca7195f,https://recordings.mum1.exotel.com/exotelrecordings/equalidentity1m/f460992a331c88841e6afc51fca7195f.mp3
cb6445c889ca29f57c763d2b9c42195f,https://recordings.mum1.exotel.com/exotelrecordings/equalidentity1m/cb6445c889ca29f57c763d2b9c42195f.mp3
439577026d00f947173cfa2715fc195f,https://recordings.mum1.exotel.com/exotelrecordings/equalidentity1m/439577026d00f947173cfa2715fc195f.mp3
593b0a167fc0126ad9d3138f6510195f,https://recordings.mum1.exotel.com/exotelrecordings/equalidentity1m/593b0a167fc0126ad9d3138f6510195f.mp3
2491afa0ec0d2dbca8ffce95ff7c195f,https://recordings.mum1.exotel.com/exotelrecordings/equalidentity1m/2491afa0ec0d2dbca8ffce95ff7c195f.mp3
707ba2ac9fd465fa75ee80cbc70d195f,https://recordings.mum1.exotel.com/exotelrecordings/equalidentity1m/707ba2ac9fd465fa75ee80cbc70d195f.mp3
a379e74ea5b20c86440c74590442195f,https://recordings.mum1.exotel.com/exotelrecordings/equalidentity1m/a379e74ea5b20c86440c74590442195f.mp3
b568382d8dce98d8ec7ca052415a195f,https://recordings.mum1.exotel.com/exotelrecordings/equalidentity1m/b568382d8dce98d8ec7ca052415a195f.mp3
500d4e8fe0605f3f3b7160335b31195f,https://recordings.mum1.exotel.com/exotelrecordings/equalidentity1m/500d4e8fe0605f3f3b7160335b31195f.mp3
b0f9e932c37e5361d807517eb250195f,https://recordings.mum1.exotel.com/exotelrecordings/equalidentity1m/b0f9e932c37e5361d807517eb250195f.mp3
9230a67bde8bfac19b8830816646195f,https://recordings.mum1.exotel.com/exotelrecordings/equalidentity1m/9230a67bde8bfac19b8830816646195f.mp3
91bb186a4aa23555bb232c1e7222195f,https://recordings.mum1.exotel.com/exotelrecordings/equalidentity1m/91bb186a4aa23555bb232c1e7222195f.mp3
e7c231923336d74e1fa68ff01f8b195f,https://recordings.mum1.exotel.com/exotelrecordings/equalidentity1m/e7c231923336d74e1fa68ff01f8b195f.mp3
7766418e19cb429c90d957fe5c14195f,https://recordings.mum1.exotel.com/exotelrecordings/equalidentity1m/7766418e19cb429c90d957fe5c14195f.mp3
8ddfaec4afbb552ceea1098d5475195f,https://recordings.mum1.exotel.com/exotelrecordings/equalidentity1m/8ddfaec4afbb552ceea1098d5475195f.mp3
cf5086d3a18850fe24ddf72efcae195f,https://recordings.mum1.exotel.com/exotelrecordings/equalidentity1m/cf5086d3a18850fe24ddf72efcae195f.mp3
b4fde5bd27e4c52a2e585be2d7a5195f,https://recordings.mum1.exotel.com/exotelrecordings/equalidentity1m/b4fde5bd27e4c52a2e585be2d7a5195f.mp3
f7b58949e6a733af3f1697358462195f,https://recordings.mum1.exotel.com/exotelrecordings/equalidentity1m/f7b58949e6a733af3f1697358462195f.mp3
9ce38a4a07b929d75851582aa973195f,https://recordings.mum1.exotel.com/exotelrecordings/equalidentity1m/9ce38a4a07b929d75851582aa973195f.mp3
ba7a7dfe59f73cd29a725edc340d195f,https://recordings.mum1.exotel.com/exotelrecordings/equalidentity1m/ba7a7dfe59f73cd29a725edc340d195f.mp3
b3878459ba95d6b71e86e0a470a5195f,https://recordings.mum1.exotel.com/exotelrecordings/equalidentity1m/b3878459ba95d6b71e86e0a470a5195f.mp3
ae9b2ef589d54eecd3e6ff7885e7195f,https://recordings.mum1.exotel.com/exotelrecordings/equalidentity1m/ae9b2ef589d54eecd3e6ff7885e7195f.mp3
06eafa79d1f3f85290196becae44195f,https://recordings.mum1.exotel.com/exotelrecordings/equalidentity1m/06eafa79d1f3f85290196becae44195f.mp3
dceecc1322ef13679e63be6df6e4195g,https://recordings.mum1.exotel.com/exotelrecordings/equalidentity1m/dceecc1322ef13679e63be6df6e4195g.mp3
997582f3483d1ed490ba188b267a195g,https://recordings.mum1.exotel.com/exotelrecordings/equalidentity1m/997582f3483d1ed490ba188b267a195g.mp3
d5259990861d4266198b6c64f275195g,https://recordings.mum1.exotel.com/exotelrecordings/equalidentity1m/d5259990861d4266198b6c64f275195g.mp3
487328de610e980c862fdc0622b1195g,https://recordings.mum1.exotel.com/exotelrecordings/equalidentity1m/487328de610e980c862fdc0622b1195g.mp3
fa12e23b39a272fe08aa26a5bfcd195g,https://recordings.mum1.exotel.com/exotelrecordings/equalidentity1m/fa12e23b39a272fe08aa26a5bfcd195g.mp3
195d0895507705f4101e34e23d4c195g,https://recordings.mum1.exotel.com/exotelrecordings/equalidentity1m/195d0895507705f4101e34e23d4c195g.mp3
5994a09995adbd5c99d13f26b6cf195g,https://recordings.mum1.exotel.com/exotelrecordings/equalidentity1m/5994a09995adbd5c99d13f26b6cf195g.mp3
53964fd193aba3dfb5475deaf2d2195g,https://recordings.mum1.exotel.com/exotelrecordings/equalidentity1m/53964fd193aba3dfb5475deaf2d2195g.mp3
b64179ca139e4f4a5b81e22f50da195g,https://recordings.mum1.exotel.com/exotelrecordings/equalidentity1m/b64179ca139e4f4a5b81e22f50da195g.mp3
4e2c132c3304faf0e1512a7bb09b195g,https://recordings.mum1.exotel.com/exotelrecordings/equalidentity1m/4e2c132c3304faf0e1512a7bb09b195g.mp3
8de7ef11ca39b0056aac124fde40195g,https://recordings.mum1.exotel.com/exotelrecordings/equalidentity1m/8de7ef11ca39b0056aac124fde40195g.mp3
132fcc3cc72f8f43d283ab5073f3195g,https://recordings.mum1.exotel.com/exotelrecordings/equalidentity1m/132fcc3cc72f8f43d283ab5073f3195g.mp3
1efcf617984f55b38bb855baaace195g,https://recordings.mum1.exotel.com/exotelrecordings/equalidentity1m/1efcf617984f55b38bb855baaace195g.mp3
971cb4a2a0d81d6c0b5eb179b090195g,https://recordings.mum1.exotel.com/exotelrecordings/equalidentity1m/971cb4a2a0d81d6c0b5eb179b090195g.mp3
614f887ea7e2d0dbdfc6d0b5a45a195g,https://recordings.mum1.exotel.com/exotelrecordings/equalidentity1m/614f887ea7e2d0dbdfc6d0b5a45a195g.mp3
cfc73c818d989dda98e4309f9545195g,https://recordings.mum1.exotel.com/exotelrecordings/equalidentity1m/cfc73c818d989dda98e4309f9545195g.mp3
dcb31bce3099c056032d8d945983195g,https://recordings.mum1.exotel.com/exotelrecordings/equalidentity1m/dcb31bce3099c056032d8d945983195g.mp3
c87f820c38ed154832e95bbfa759195g,https://recordings.mum1.exotel.com/exotelrecordings/equalidentity1m/c87f820c38ed154832e95bbfa759195g.mp3
9a41b7fe6a69ebb7f4c565659e7b195g,https://recordings.mum1.exotel.com/exotelrecordings/equalidentity1m/9a41b7fe6a69ebb7f4c565659e7b195g.mp3
57391bf1c2b18c77d1820ac47380195g,https://recordings.mum1.exotel.com/exotelrecordings/equalidentity1m/57391bf1c2b18c77d1820ac47380195g.mp3
771445c653b5ad294d4766aa6e13195g,https://recordings.mum1.exotel.com/exotelrecordings/equalidentity1m/771445c653b5ad294d4766aa6e13195g.mp3
f4ab5247286cd1e3e1cb93c00f5a195g,https://recordings.mum1.exotel.com/exotelrecordings/equalidentity1m/f4ab5247286cd1e3e1cb93c00f5a195g.mp3
7cca611468ca2d519f3e5318d9e7195g,https://recordings.mum1.exotel.com/exotelrecordings/equalidentity1m/7cca611468ca2d519f3e5318d9e7195g.mp3
e633f85fd3c6db75646eba13dd6f195g,https://recordings.mum1.exotel.com/exotelrecordings/equalidentity1m/e633f85fd3c6db75646eba13dd6f195g.mp3
91287ee26823cc6fada8fd38420e195g,https://recordings.mum1.exotel.com/exotelrecordings/equalidentity1m/91287ee26823cc6fada8fd38420e195g.mp3
8e2f964925b4abf8805ba9def3e9195g,https://recordings.mum1.exotel.com/exotelrecordings/equalidentity1m/8e2f964925b4abf8805ba9def3e9195g.mp3
807e40b7f19028ee0b68a27b83e4195g,https://recordings.mum1.exotel.com/exotelrecordings/equalidentity1m/807e40b7f19028ee0b68a27b83e4195g.mp3
3e1bf1a7d165f09745f1efc94505195g,https://recordings.mum1.exotel.com/exotelrecordings/equalidentity1m/3e1bf1a7d165f09745f1efc94505195g.mp3
fe08341d5fd103ab6567b99dc2ae195g,https://recordings.mum1.exotel.com/exotelrecordings/equalidentity1m/fe08341d5fd103ab6567b99dc2ae195g.mp3
42e0656a200b2cdbc2ff544b6d03195g,https://recordings.mum1.exotel.com/exotelrecordings/equalidentity1m/42e0656a200b2cdbc2ff544b6d03195g.mp3
3b374bfc1846de931e67906de3f4195g,https://recordings.mum1.exotel.com/exotelrecordings/equalidentity1m/3b374bfc1846de931e67906de3f4195g.mp3
1865a042d26160bbc0664bbacc7d195g,https://recordings.mum1.exotel.com/exotelrecordings/equalidentity1m/1865a042d26160bbc0664bbacc7d195g.mp3
4eea4fed72e55643ad87bb565444195h,https://recordings.mum1.exotel.com/exotelrecordings/equalidentity1m/4eea4fed72e55643ad87bb565444195h.mp3
a4394614c2897821a663af15e3d2195h,https://recordings.mum1.exotel.com/exotelrecordings/equalidentity1m/a4394614c2897821a663af15e3d2195h.mp3
ecdbbed68b772cb84001f63c77d2195h,https://recordings.mum1.exotel.com/exotelrecordings/equalidentity1m/ecdbbed68b772cb84001f63c77d2195h.mp3
73353455f5c3c79ca7be09896427195h,https://recordings.mum1.exotel.com/exotelrecordings/equalidentity1m/73353455f5c3c79ca7be09896427195h.mp3
64e481ff8e787742ad6e17c640b7195h,https://recordings.mum1.exotel.com/exotelrecordings/equalidentity1m/64e481ff8e787742ad6e17c640b7195h.mp3
13c341bc04f8b708d267215515cd195h,https://recordings.mum1.exotel.com/exotelrecordings/equalidentity1m/13c341bc04f8b708d267215515cd195h.mp3
8354cd75943e4b070387b954c69a195h,https://recordings.mum1.exotel.com/exotelrecordings/equalidentity1m/8354cd75943e4b070387b954c69a195h.mp3
9609909e1c68d1637abe969ebf6b195h,https://recordings.mum1.exotel.com/exotelrecordings/equalidentity1m/9609909e1c68d1637abe969ebf6b195h.mp3
e7de529e1bf7fd220014e7b7d8fb195h,https://recordings.mum1.exotel.com/exotelrecordings/equalidentity1m/e7de529e1bf7fd220014e7b7d8fb195h.mp3
094887083dc79373937eaec1483b195h,https://recordings.mum1.exotel.com/exotelrecordings/equalidentity1m/094887083dc79373937eaec1483b195h.mp3
4a1b075fa2a2231326a24d3ca998195h,https://recordings.mum1.exotel.com/exotelrecordings/equalidentity1m/4a1b075fa2a2231326a24d3ca998195h.mp3
998e8db01deeaf6cf3b5ac1b1c8c195h,https://recordings.mum1.exotel.com/exotelrecordings/equalidentity1m/998e8db01deeaf6cf3b5ac1b1c8c195h.mp3
788e06d06140c2155af2a01dec72195h,https://recordings.mum1.exotel.com/exotelrecordings/equalidentity1m/788e06d06140c2155af2a01dec72195h.mp3
750d31b5d70ea9239f9ac2b656ed195h,https://recordings.mum1.exotel.com/exotelrecordings/equalidentity1m/750d31b5d70ea9239f9ac2b656ed195h.mp3
f193e60a28c510213f53c3c1bb3c195h,https://recordings.mum1.exotel.com/exotelrecordings/equalidentity1m/f193e60a28c510213f53c3c1bb3c195h.mp3
506419baca35e497e28cdccd5256195h,https://recordings.mum1.exotel.com/exotelrecordings/equalidentity1m/506419baca35e497e28cdccd5256195h.mp3
e69e185d497c166b72682d1ea604195h,https://recordings.mum1.exotel.com/exotelrecordings/equalidentity1m/e69e185d497c166b72682d1ea604195h.mp3
dab9a2df4338d8c52548083410a1195h,https://recordings.mum1.exotel.com/exotelrecordings/equalidentity1m/dab9a2df4338d8c52548083410a1195h.mp3
adc0031af9dbfa1098673a494525195i,https://recordings.mum1.exotel.com/exotelrecordings/equalidentity1m/adc0031af9dbfa1098673a494525195i.mp3
ad0894038982c9653ceb91de52c0195i,https://recordings.mum1.exotel.com/exotelrecordings/equalidentity1m/ad0894038982c9653ceb91de52c0195i.mp3
d93419812fd1a110a96910c405c4195i,https://recordings.mum1.exotel.com/exotelrecordings/equalidentity1m/d93419812fd1a110a96910c405c4195i.mp3
16b4eb347e53e94c1d199c3dad9c195i,https://recordings.mum1.exotel.com/exotelrecordings/equalidentity1m/16b4eb347e53e94c1d199c3dad9c195i.mp3
c1ab80c89e7a5c2cb2df4c681e2e195i,https://recordings.mum1.exotel.com/exotelrecordings/equalidentity1m/c1ab80c89e7a5c2cb2df4c681e2e195i.mp3
8e333ef9aedefce87602edf8794c195i,https://recordings.mum1.exotel.com/exotelrecordings/equalidentity1m/8e333ef9aedefce87602edf8794c195i.mp3
7bb3b4255270ceedd030090afdd6195i,https://recordings.mum1.exotel.com/exotelrecordings/equalidentity1m/7bb3b4255270ceedd030090afdd6195i.mp3
0dfe2bff6fa2964629c075a6f0ec195i,https://recordings.mum1.exotel.com/exotelrecordings/equalidentity1m/0dfe2bff6fa2964629c075a6f0ec195i.mp3
86c3fbd65de11f4eed7cac986819195i,https://recordings.mum1.exotel.com/exotelrecordings/equalidentity1m/86c3fbd65de11f4eed7cac986819195i.mp3
bdc60d49b525450167947954a4de195i,https://recordings.mum1.exotel.com/exotelrecordings/equalidentity1m/bdc60d49b525450167947954a4de195i.mp3
ec4e212583fc6378ea06e87c9f05195j,https://recordings.mum1.exotel.com/exotelrecordings/equalidentity1m/ec4e212583fc6378ea06e87c9f05195j.mp3
a453aff9d834920afa84d2b3912f195j,https://recordings.mum1.exotel.com/exotelrecordings/equalidentity1m/a453aff9d834920afa84d2b3912f195j.mp3
13b7d0949881f0810b30b6b5a955195j,https://recordings.mum1.exotel.com/exotelrecordings/equalidentity1m/13b7d0949881f0810b30b6b5a955195j.mp3
30861b2c541743d6f601770b896e195j,https://recordings.mum1.exotel.com/exotelrecordings/equalidentity1m/30861b2c541743d6f601770b896e195j.mp3
c2e4454142778f4c2119b5b33fe7195j,https://recordings.mum1.exotel.com/exotelrecordings/equalidentity1m/c2e4454142778f4c2119b5b33fe7195j.mp3
3c5d3659cc2b1d1a0d2daa808d3e195j,https://recordings.mum1.exotel.com/exotelrecordings/equalidentity1m/3c5d3659cc2b1d1a0d2daa808d3e195j.mp3
909b172e8198fadf000fb2486d03195j,https://recordings.mum1.exotel.com/exotelrecordings/equalidentity1m/909b172e8198fadf000fb2486d03195j.mp3
09ac038c561ad7421d45796d0015195j,https://recordings.mum1.exotel.com/exotelrecordings/equalidentity1m/09ac038c561ad7421d45796d0015195j.mp3
8afca0324bd43414be3cce9c2fa1195j,https://recordings.mum1.exotel.com/exotelrecordings/equalidentity1m/8afca0324bd43414be3cce9c2fa1195j.mp3
c81cc4d03fdc5945170c7c124f7c195j,https://recordings.mum1.exotel.com/exotelrecordings/equalidentity1m/c81cc4d03fdc5945170c7c124f7c195j.mp3
9894543c9d0346b482f2a6622c11195j,https://recordings.mum1.exotel.com/exotelrecordings/equalidentity1m/9894543c9d0346b482f2a6622c11195j.mp3
0284acf8557f9455f73bd2f8a181195j,https://recordings.mum1.exotel.com/exotelrecordings/equalidentity1m/0284acf8557f9455f73bd2f8a181195j.mp3
ce7f510ad2dd9d3ec116d83cf90f195j,https://recordings.mum1.exotel.com/exotelrecordings/equalidentity1m/ce7f510ad2dd9d3ec116d83cf90f195j.mp3
fedb195a4469f729108bb5d96272195j,https://recordings.mum1.exotel.com/exotelrecordings/equalidentity1m/fedb195a4469f729108bb5d96272195j.mp3
0732fdc7f31bb1341950699689e1195j,https://recordings.mum1.exotel.com/exotelrecordings/equalidentity1m/0732fdc7f31bb1341950699689e1195j.mp3
6bea9341be541da16d88804921e0195j,https://recordings.mum1.exotel.com/exotelrecordings/equalidentity1m/6bea9341be541da16d88804921e0195j.mp3
60f15d845630f4430fbc38668a59195j,https://recordings.mum1.exotel.com/exotelrecordings/equalidentity1m/60f15d845630f4430fbc38668a59195j.mp3
93821d308153ad0045e544fc0607195j,https://recordings.mum1.exotel.com/exotelrecordings/equalidentity1m/93821d308153ad0045e544fc0607195j.mp3
44c4803576c479258484977073b7195j,https://recordings.mum1.exotel.com/exotelrecordings/equalidentity1m/44c4803576c479258484977073b7195j.mp3
face6680d3d52e3b9ff9c0ac28c8195j,https://recordings.mum1.exotel.com/exotelrecordings/equalidentity1m/face6680d3d52e3b9ff9c0ac28c8195j.mp3
3813e2999602a53a1b05d76c7a5d195j,https://recordings.mum1.exotel.com/exotelrecordings/equalidentity1m/3813e2999602a53a1b05d76c7a5d195j.mp3
c3fe23d721f5e40f5ff9a1f78a4f195j,https://recordings.mum1.exotel.com/exotelrecordings/equalidentity1m/c3fe23d721f5e40f5ff9a1f78a4f195j.mp3
045ddd321c7000352b7212127485195j,https://recordings.mum1.exotel.com/exotelrecordings/equalidentity1m/045ddd321c7000352b7212127485195j.mp3
cbb005bfc13f396ad27a6cd6cbf7195j,https://recordings.mum1.exotel.com/exotelrecordings/equalidentity1m/cbb005bfc13f396ad27a6cd6cbf7195j.mp3
3951f2b449a168ad3f4e7820ab15195j,https://recordings.mum1.exotel.com/exotelrecordings/equalidentity1m/3951f2b449a168ad3f4e7820ab15195j.mp3
c5bc3a93b5cda99ba55fad061544195j,https://recordings.mum1.exotel.com/exotelrecordings/equalidentity1m/c5bc3a93b5cda99ba55fad061544195j.mp3
c69d8b64939e31472ba9ae44a518195j,https://recordings.mum1.exotel.com/exotelrecordings/equalidentity1m/c69d8b64939e31472ba9ae44a518195j.mp3
26a53128486a61b62e0ddc4db424195j,https://recordings.mum1.exotel.com/exotelrecordings/equalidentity1m/26a53128486a61b62e0ddc4db424195j.mp3
90b5c5e5ba4f49cdcda729133a5f195j,https://recordings.mum1.exotel.com/exotelrecordings/equalidentity1m/90b5c5e5ba4f49cdcda729133a5f195j.mp3
ca3b1f225563f608b5883728840c195j,https://recordings.mum1.exotel.com/exotelrecordings/equalidentity1m/ca3b1f225563f608b5883728840c195j.mp3
e9371f2ac394177fd2f16329f666195j,https://recordings.mum1.exotel.com/exotelrecordings/equalidentity1m/e9371f2ac394177fd2f16329f666195j.mp3
db9547b0746ea390ecb229e0af7e195j,https://recordings.mum1.exotel.com/exotelrecordings/equalidentity1m/db9547b0746ea390ecb229e0af7e195j.mp3
041d66ae9282dfdf4dfda6b2d993195j,https://recordings.mum1.exotel.com/exotelrecordings/equalidentity1m/041d66ae9282dfdf4dfda6b2d993195j.mp3
a40eaf5096d814742b49c0cc6bd0195j,https://recordings.mum1.exotel.com/exotelrecordings/equalidentity1m/a40eaf5096d814742b49c0cc6bd0195j.mp3
ddd7b10e40e0dfffe678f7a26707195j,https://recordings.mum1.exotel.com/exotelrecordings/equalidentity1m/ddd7b10e40e0dfffe678f7a26707195j.mp3
15ffa33419a65e2f93c2d2a7c349195j,https://recordings.mum1.exotel.com/exotelrecordings/equalidentity1m/15ffa33419a65e2f93c2d2a7c349195j.mp3
c735db4d5443567cbc532b0742dd195j,https://recordings.mum1.exotel.com/exotelrecordings/equalidentity1m/c735db4d5443567cbc532b0742dd195j.mp3
bd2de4c0678f9378d26a11ad6f59195j,https://recordings.mum1.exotel.com/exotelrecordings/equalidentity1m/bd2de4c0678f9378d26a11ad6f59195j.mp3
6b2d9fc789153ae2024adcb58019195j,https://recordings.mum1.exotel.com/exotelrecordings/equalidentity1m/6b2d9fc789153ae2024adcb58019195j.mp3
97934429c0092cede0f17fa7de97195j,https://recordings.mum1.exotel.com/exotelrecordings/equalidentity1m/97934429c0092cede0f17fa7de97195j.mp3
4a7f1a559989a70da74af910419a195j,https://recordings.mum1.exotel.com/exotelrecordings/equalidentity1m/4a7f1a559989a70da74af910419a195j.mp3
3f41b1e614075d2defded2ed0958195j,https://recordings.mum1.exotel.com/exotelrecordings/equalidentity1m/3f41b1e614075d2defded2ed0958195j.mp3
5e1f761edaa1c7e7fa55f4682c75195j,https://recordings.mum1.exotel.com/exotelrecordings/equalidentity1m/5e1f761edaa1c7e7fa55f4682c75195j.mp3
3042e762e4d29c8a993987edf0b8195j,https://recordings.mum1.exotel.com/exotelrecordings/equalidentity1m/3042e762e4d29c8a993987edf0b8195j.mp3
ced8c6199a7b2a7a850724b967cd195j,https://recordings.mum1.exotel.com/exotelrecordings/equalidentity1m/ced8c6199a7b2a7a850724b967cd195j.mp3
e37035450532094aa14be6ca9518195j,https://recordings.mum1.exotel.com/exotelrecordings/equalidentity1m/e37035450532094aa14be6ca9518195j.mp3
f7a12294168f1397ea2fec99c06c195j,https://recordings.mum1.exotel.com/exotelrecordings/equalidentity1m/f7a12294168f1397ea2fec99c06c195j.mp3
eb79f4b175da3afa8c2770bdf8b1195j,https://recordings.mum1.exotel.com/exotelrecordings/equalidentity1m/eb79f4b175da3afa8c2770bdf8b1195j.mp3
337dd97c2d16e9a330ca56745a12195j,https://recordings.mum1.exotel.com/exotelrecordings/equalidentity1m/337dd97c2d16e9a330ca56745a12195j.mp3
7d426fff4fe4782f0ea702e2ac34195j,https://recordings.mum1.exotel.com/exotelrecordings/equalidentity1m/7d426fff4fe4782f0ea702e2ac34195j.mp3
22deed95399ed0beba56d0376087195j,https://recordings.mum1.exotel.com/exotelrecordings/equalidentity1m/22deed95399ed0beba56d0376087195j.mp3
62960f3cfc99a144496e2fa54be0195j,https://recordings.mum1.exotel.com/exotelrecordings/equalidentity1m/62960f3cfc99a144496e2fa54be0195j.mp3
2f307347e74244f7fa07fb023f99195j,https://recordings.mum1.exotel.com/exotelrecordings/equalidentity1m/2f307347e74244f7fa07fb023f99195j.mp3
6697dbc9c8c1d582bf6e0864e0f4195j,https://recordings.mum1.exotel.com/exotelrecordings/equalidentity1m/6697dbc9c8c1d582bf6e0864e0f4195j.mp3
ccfad55dc7bb03e29f7a077ed4ef195j,https://recordings.mum1.exotel.com/exotelrecordings/equalidentity1m/ccfad55dc7bb03e29f7a077ed4ef195j.mp3
2e51e78d019140e9516e7480c6fb195j,https://recordings.mum1.exotel.com/exotelrecordings/equalidentity1m/2e51e78d019140e9516e7480c6fb195j.mp3
21f9d3cba9c691687918138053f8195j,https://recordings.mum1.exotel.com/exotelrecordings/equalidentity1m/21f9d3cba9c691687918138053f8195j.mp3
81f37c9f74e1eb13b6e00e00112b195j,https://recordings.mum1.exotel.com/exotelrecordings/equalidentity1m/81f37c9f74e1eb13b6e00e00112b195j.mp3
93c14fe321d372028bbb61a92b02195k,https://recordings.mum1.exotel.com/exotelrecordings/equalidentity1m/93c14fe321d372028bbb61a92b02195k.mp3
a317d61189ed183074ffe01c9c45195k,https://recordings.mum1.exotel.com/exotelrecordings/equalidentity1m/a317d61189ed183074ffe01c9c45195k.mp3
ccffb0acacc703b214b5d33d73af195k,https://recordings.mum1.exotel.com/exotelrecordings/equalidentity1m/ccffb0acacc703b214b5d33d73af195k.mp3
f485b28ee0f6768504969b94f869195k,https://recordings.mum1.exotel.com/exotelrecordings/equalidentity1m/f485b28ee0f6768504969b94f869195k.mp3
aebe62007b83496d92489797e170195k,https://recordings.mum1.exotel.com/exotelrecordings/equalidentity1m/aebe62007b83496d92489797e170195k.mp3
9c87ad790c01885084c6296da746195k,https://recordings.mum1.exotel.com/exotelrecordings/equalidentity1m/9c87ad790c01885084c6296da746195k.mp3
fa8e3d10da4ab7e2865309383495195k,https://recordings.mum1.exotel.com/exotelrecordings/equalidentity1m/fa8e3d10da4ab7e2865309383495195k.mp3
00e5d12e657c6b3e329fa1edc002195k,https://recordings.mum1.exotel.com/exotelrecordings/equalidentity1m/00e5d12e657c6b3e329fa1edc002195k.mp3
ed594ab9fc00555b26995f1c2453195k,https://recordings.mum1.exotel.com/exotelrecordings/equalidentity1m/ed594ab9fc00555b26995f1c2453195k.mp3
2b3297ac570eba4c448274d759a1195k,https://recordings.mum1.exotel.com/exotelrecordings/equalidentity1m/2b3297ac570eba4c448274d759a1195k.mp3
63c8c4049274cb3602290bacec9e195k,https://recordings.mum1.exotel.com/exotelrecordings/equalidentity1m/63c8c4049274cb3602290bacec9e195k.mp3
b608e7514ed1db68ed4e7856ac5e195k,https://recordings.mum1.exotel.com/exotelrecordings/equalidentity1m/b608e7514ed1db68ed4e7856ac5e195k.mp3
f7ea40e356b958b59f873151b942195k,https://recordings.mum1.exotel.com/exotelrecordings/equalidentity1m/f7ea40e356b958b59f873151b942195k.mp3
73ba197cd817584219acb74eb5fc195k,https://recordings.mum1.exotel.com/exotelrecordings/equalidentity1m/73ba197cd817584219acb74eb5fc195k.mp3
68a001e8292ea88a09acd89a486c195k,https://recordings.mum1.exotel.com/exotelrecordings/equalidentity1m/68a001e8292ea88a09acd89a486c195k.mp3
b3f4cbc1a642c2b95b75afe1a813195k,https://recordings.mum1.exotel.com/exotelrecordings/equalidentity1m/b3f4cbc1a642c2b95b75afe1a813195k.mp3
8914e2a7fa2565f4982f22aa62fc195k,https://recordings.mum1.exotel.com/exotelrecordings/equalidentity1m/8914e2a7fa2565f4982f22aa62fc195k.mp3
6473038768305dd81153b9277322195k,https://recordings.mum1.exotel.com/exotelrecordings/equalidentity1m/6473038768305dd81153b9277322195k.mp3
fda6ce72b3dc4ad7f54f5af142d4195k,https://recordings.mum1.exotel.com/exotelrecordings/equalidentity1m/fda6ce72b3dc4ad7f54f5af142d4195k.mp3
58a6b706ca6bc7a0329ed0e648a7195k,https://recordings.mum1.exotel.com/exotelrecordings/equalidentity1m/58a6b706ca6bc7a0329ed0e648a7195k.mp3
364fdb260cb6afc8faa068a49463195k,https://recordings.mum1.exotel.com/exotelrecordings/equalidentity1m/364fdb260cb6afc8faa068a49463195k.mp3
958f0a6808934369e8a3aac7a887195k,https://recordings.mum1.exotel.com/exotelrecordings/equalidentity1m/958f0a6808934369e8a3aac7a887195k.mp3
181abd17771c5f7032a06801abae195k,https://recordings.mum1.exotel.com/exotelrecordings/equalidentity1m/181abd17771c5f7032a06801abae195k.mp3
6d1654cb94db986a94f4924bf3d3195k,https://recordings.mum1.exotel.com/exotelrecordings/equalidentity1m/6d1654cb94db986a94f4924bf3d3195k.mp3
f59ba847eb3093ccf570a21aa912195k,https://recordings.mum1.exotel.com/exotelrecordings/equalidentity1m/f59ba847eb3093ccf570a21aa912195k.mp3
dea7926df75ee50ddfc5b80f490e195k,https://recordings.mum1.exotel.com/exotelrecordings/equalidentity1m/dea7926df75ee50ddfc5b80f490e195k.mp3
0b71364569b6812ff6994078017a195k,https://recordings.mum1.exotel.com/exotelrecordings/equalidentity1m/0b71364569b6812ff6994078017a195k.mp3
81ea807b58038a54834040c07011195k,https://recordings.mum1.exotel.com/exotelrecordings/equalidentity1m/81ea807b58038a54834040c07011195k.mp3
3f451209f03ff996b0b380748fbd195k,https://recordings.mum1.exotel.com/exotelrecordings/equalidentity1m/3f451209f03ff996b0b380748fbd195k.mp3
682c5b6bec76825bc3e263f44ee7195k,https://recordings.mum1.exotel.com/exotelrecordings/equalidentity1m/682c5b6bec76825bc3e263f44ee7195k.mp3
0e9732b716149ff07d82c00794ca195k,https://recordings.mum1.exotel.com/exotelrecordings/equalidentity1m/0e9732b716149ff07d82c00794ca195k.mp3
71754954ac04d84712ecff32f2ee195k,https://recordings.mum1.exotel.com/exotelrecordings/equalidentity1m/71754954ac04d84712ecff32f2ee195k.mp3
52e7974acebe574379d92c95bafc195k,https://recordings.mum1.exotel.com/exotelrecordings/equalidentity1m/52e7974acebe574379d92c95bafc195k.mp3
1d965b0db57d8cd6b31d149638d0195l,https://recordings.mum1.exotel.com/exotelrecordings/equalidentity1m/1d965b0db57d8cd6b31d149638d0195l.mp3
2d9d30a95b4b4ab2565faf63ea7b195l,https://recordings.mum1.exotel.com/exotelrecordings/equalidentity1m/2d9d30a95b4b4ab2565faf63ea7b195l.mp3
a168f98f534eac38aeb6f95ea00d195l,https://recordings.mum1.exotel.com/exotelrecordings/equalidentity1m/a168f98f534eac38aeb6f95ea00d195l.mp3
5579310be3e5166e3cb997febe83195l,https://recordings.mum1.exotel.com/exotelrecordings/equalidentity1m/5579310be3e5166e3cb997febe83195l.mp3
8e4c8df3376bdfd099eb49f81d84195l,https://recordings.mum1.exotel.com/exotelrecordings/equalidentity1m/8e4c8df3376bdfd099eb49f81d84195l.mp3
830415c822550d5ef72f828877a0195l,https://recordings.mum1.exotel.com/exotelrecordings/equalidentity1m/830415c822550d5ef72f828877a0195l.mp3
34273f9be9a2d64befe7af02255a195l,https://recordings.mum1.exotel.com/exotelrecordings/equalidentity1m/34273f9be9a2d64befe7af02255a195l.mp3
2205cc12e122e4674e3d92dc8439195l,https://recordings.mum1.exotel.com/exotelrecordings/equalidentity1m/2205cc12e122e4674e3d92dc8439195l.mp3
8e28beae5141cc61f388057a94a8195l,https://recordings.mum1.exotel.com/exotelrecordings/equalidentity1m/8e28beae5141cc61f388057a94a8195l.mp3
c9fd4fe599fbfce7bec22a6f3a65195l,https://recordings.mum1.exotel.com/exotelrecordings/equalidentity1m/c9fd4fe599fbfce7bec22a6f3a65195l.mp3
0b54af5209ee773177dd92a9b678195l,https://recordings.mum1.exotel.com/exotelrecordings/equalidentity1m/0b54af5209ee773177dd92a9b678195l.mp3
63111e329efeef0a9938e7938e21195l,https://recordings.mum1.exotel.com/exotelrecordings/equalidentity1m/63111e329efeef0a9938e7938e21195l.mp3
96643cc0d96c8687fe5fb4b43009195l,https://recordings.mum1.exotel.com/exotelrecordings/equalidentity1m/96643cc0d96c8687fe5fb4b43009195l.mp3
b4bc7a77f5c530134ac7348fe14e195l,https://recordings.mum1.exotel.com/exotelrecordings/equalidentity1m/b4bc7a77f5c530134ac7348fe14e195l.mp3
3e2296a3ffeaf4c729bdb8fc12ac195l,https://recordings.mum1.exotel.com/exotelrecordings/equalidentity1m/3e2296a3ffeaf4c729bdb8fc12ac195l.mp3
5082b55c5b78c27df4ce3a0665f0195l,https://recordings.mum1.exotel.com/exotelrecordings/equalidentity1m/5082b55c5b78c27df4ce3a0665f0195l.mp3
887405bd2e48926d89cd91dca79d195l,https://recordings.mum1.exotel.com/exotelrecordings/equalidentity1m/887405bd2e48926d89cd91dca79d195l.mp3
4757ee60a56698a00f27f9dbe5b9195l,https://recordings.mum1.exotel.com/exotelrecordings/equalidentity1m/4757ee60a56698a00f27f9dbe5b9195l.mp3
ba4a612ecdc6dcf42bef2a5097c5195l,https://recordings.mum1.exotel.com/exotelrecordings/equalidentity1m/ba4a612ecdc6dcf42bef2a5097c5195l.mp3
44cb928839ebbb111c5cb8a17c68195l,https://recordings.mum1.exotel.com/exotelrecordings/equalidentity1m/44cb928839ebbb111c5cb8a17c68195l.mp3
cf8f411565bd38cbc6b69cfea3f5195l,https://recordings.mum1.exotel.com/exotelrecordings/equalidentity1m/cf8f411565bd38cbc6b69cfea3f5195l.mp3
f00bfe62b4b600fe1084b1e266c9195l,https://recordings.mum1.exotel.com/exotelrecordings/equalidentity1m/f00bfe62b4b600fe1084b1e266c9195l.mp3
c6b0a7885078c0a1f45d48f85ef3195l,https://recordings.mum1.exotel.com/exotelrecordings/equalidentity1m/c6b0a7885078c0a1f45d48f85ef3195l.mp3
13a6851a8b6fdb6a888383c894e7195l,https://recordings.mum1.exotel.com/exotelrecordings/equalidentity1m/15189b9ff465ac4a1417284bfc57195l.mp3
57afdcccfa91b568e5196a3ef8c9195l,https://recordings.mum1.exotel.com/exotelrecordings/equalidentity1m/57afdcccfa91b568e5196a3ef8c9195l.mp3
2daefcedbdfef56495233e679d43195l,https://recordings.mum1.exotel.com/exotelrecordings/equalidentity1m/2daefcedbdfef56495233e679d43195l.mp3
47115ebee3dceef0dccba63af0f6195l,https://recordings.mum1.exotel.com/exotelrecordings/equalidentity1m/47115ebee3dceef0dccba63af0f6195l.mp3
622f5b7b58fe9d7edb8015c44fe9195l,https://recordings.mum1.exotel.com/exotelrecordings/equalidentity1m/622f5b7b58fe9d7edb8015c44fe9195l.mp3
a077c3fbd84717f0886c893af1c6195l,https://recordings.mum1.exotel.com/exotelrecordings/equalidentity1m/a077c3fbd84717f0886c893af1c6195l.mp3
47009e0358e1707bd3b034beae02195l,https://recordings.mum1.exotel.com/exotelrecordings/equalidentity1m/47009e0358e1707bd3b034beae02195l.mp3
851b4ebc178a034868c28df46003195l,https://recordings.mum1.exotel.com/exotelrecordings/equalidentity1m/bf6e112819d267c65dbe9bfdc203195l.mp3
f1d15c2d3c0fb6dd81cc5e55dacf195l,https://recordings.mum1.exotel.com/exotelrecordings/equalidentity1m/ae8744cb1077d73fe25a4f8cb3e8195l.mp3
222e8a77631dd1f4f54f5c3e2149195l,https://recordings.mum1.exotel.com/exotelrecordings/equalidentity1m/222e8a77631dd1f4f54f5c3e2149195l.mp3
ff61f936c090bc74062dd77a6c4a195l,https://recordings.mum1.exotel.com/exotelrecordings/equalidentity1m/ff61f936c090bc74062dd77a6c4a195l.mp3
5506b422a25eff32f318bd40104e195l,https://recordings.mum1.exotel.com/exotelrecordings/equalidentity1m/5506b422a25eff32f318bd40104e195l.mp3
96b607d29641e449674a8208c2d6195l,https://recordings.mum1.exotel.com/exotelrecordings/equalidentity1m/96b607d29641e449674a8208c2d6195l.mp3
20797d906928dda2c70b868d95aa195l,https://recordings.mum1.exotel.com/exotelrecordings/equalidentity1m/20797d906928dda2c70b868d95aa195l.mp3
d2a42eda4d33dc9a411a1285764b195l,https://recordings.mum1.exotel.com/exotelrecordings/equalidentity1m/d2a42eda4d33dc9a411a1285764b195l.mp3
f62f462b77ae39646d8b92d4e301195l,https://recordings.mum1.exotel.com/exotelrecordings/equalidentity1m/f62f462b77ae39646d8b92d4e301195l.mp3
fcf1e9ce85b9c2a91176a8f1c119195l,https://recordings.mum1.exotel.com/exotelrecordings/equalidentity1m/fcf1e9ce85b9c2a91176a8f1c119195l.mp3
96b593e92508de8147c14c38a71d195l,https://recordings.mum1.exotel.com/exotelrecordings/equalidentity1m/96b593e92508de8147c14c38a71d195l.mp3
325050b0ac4e6da895203a0759eb195l,https://recordings.mum1.exotel.com/exotelrecordings/equalidentity1m/0e3e60ce3528a22e5fe7351bd6b0195l.mp3
60985251c6037fe49ec0d9cc0cc0195l,https://recordings.mum1.exotel.com/exotelrecordings/equalidentity1m/60985251c6037fe49ec0d9cc0cc0195l.mp3
bd3e484304f443563976a9bb4024195l,https://recordings.mum1.exotel.com/exotelrecordings/equalidentity1m/bd3e484304f443563976a9bb4024195l.mp3
d031ecf09c8913a726ecfd266de8195l,https://recordings.mum1.exotel.com/exotelrecordings/equalidentity1m/d031ecf09c8913a726ecfd266de8195l.mp3
002b1c5606074bfe9a17095b81ce195l,https://recordings.mum1.exotel.com/exotelrecordings/equalidentity1m/60a6025ec33d07d75329da6df485195l.mp3
bf3cbb21d0386da5d095e8f97dab195l,https://recordings.mum1.exotel.com/exotelrecordings/equalidentity1m/6d1add7e0163308b7337cb752b9c195l.mp3
398f580f0a917dac39e86ab53274195l,https://recordings.mum1.exotel.com/exotelrecordings/equalidentity1m/315b5839ee03ff15ca0ed9ed42d5195l.mp3
12e935e1883a64b376c3dc2d92b9195l,https://recordings.mum1.exotel.com/exotelrecordings/equalidentity1m/12e935e1883a64b376c3dc2d92b9195l.mp3
21a17de7473456c8531bad8f85fc195l,https://recordings.mum1.exotel.com/exotelrecordings/equalidentity1m/21a17de7473456c8531bad8f85fc195l.mp3
605f0da216628e4faf92f3a0c968195l,https://recordings.mum1.exotel.com/exotelrecordings/equalidentity1m/989d4c26486ce54a92d64d886fb5195l.mp3
a2db8ec5659a55a692656da9cb1f195l,https://recordings.mum1.exotel.com/exotelrecordings/equalidentity1m/248c9bb3269ea787062969877a65195l.mp3
b706c2d657b2cbdaf3e98ca95f70195l,https://recordings.mum1.exotel.com/exotelrecordings/equalidentity1m/b706c2d657b2cbdaf3e98ca95f70195l.mp3
3373a9711847518b766bd6abb697195l,https://recordings.mum1.exotel.com/exotelrecordings/equalidentity1m/45d0a82163e4d6c9ee9e32d563f5195l.mp3
9e46560ce9480863ea21ef1ce070195l,https://recordings.mum1.exotel.com/exotelrecordings/equalidentity1m/9bd2ab748639c87a79411da15af4195l.mp3
80d4e3599e6491b6b4f4c247694f195l,https://recordings.mum1.exotel.com/exotelrecordings/equalidentity1m/80d4e3599e6491b6b4f4c247694f195l.mp3
7eb797d7d62843bc3fbeb31364a4195l,https://recordings.mum1.exotel.com/exotelrecordings/equalidentity1m/7eb797d7d62843bc3fbeb31364a4195l.mp3
c6d3e7e796a5dc3f7853ab8468e1195l,https://recordings.mum1.exotel.com/exotelrecordings/equalidentity1m/c6d3e7e796a5dc3f7853ab8468e1195l.mp3
88d45bf2cd2dd6c125eaf0987b75195l,https://recordings.mum1.exotel.com/exotelrecordings/equalidentity1m/88d45bf2cd2dd6c125eaf0987b75195l.mp3
9dc950df639de2ecce3739eea066195m,https://recordings.mum1.exotel.com/exotelrecordings/equalidentity1m/1c5c0c08eb0e7349a3609550746c195m.mp3
b1157ffb0dd41e1a67d635fa29e1195m,https://recordings.mum1.exotel.com/exotelrecordings/equalidentity1m/f38f84ad4bae25256e8eacc9a5c5195m.mp3
25b82b332dabbddc349f9c270d90195m,https://recordings.mum1.exotel.com/exotelrecordings/equalidentity1m/25b82b332dabbddc349f9c270d90195m.mp3
b3fa93171aeff534012199127cd8195m,https://recordings.mum1.exotel.com/exotelrecordings/equalidentity1m/b3fa93171aeff534012199127cd8195m.mp3
2b5c9f3446ffcf9bb159d4b3c8c6195m,https://recordings.mum1.exotel.com/exotelrecordings/equalidentity1m/2b5c9f3446ffcf9bb159d4b3c8c6195m.mp3
ab06d766aa3cd1d389d5c2b2fb86195m,https://recordings.mum1.exotel.com/exotelrecordings/equalidentity1m/ab06d766aa3cd1d389d5c2b2fb86195m.mp3
73e6d98811be388f41de7cdff1d0195m,https://recordings.mum1.exotel.com/exotelrecordings/equalidentity1m/8afbe30101fd23edc7218b0efff8195m.mp3
5e9945e5806a0dd1142684cc1c0b195m,https://recordings.mum1.exotel.com/exotelrecordings/equalidentity1m/04aadbe3685e4177d8defca24bdb195m.mp3
64b6fabd96f6ad5308e977089f08195m,https://recordings.mum1.exotel.com/exotelrecordings/equalidentity1m/eed66d20ce1466c9e743f9fe7ed2195m.mp3
d562d5bdcd2760612223bf22caf2195m,https://recordings.mum1.exotel.com/exotelrecordings/equalidentity1m/58187ab6f19cbebdb074173e50b2195m.mp3
64fcad4d9654db2efde9e753bb52195m,https://recordings.mum1.exotel.com/exotelrecordings/equalidentity1m/64fcad4d9654db2efde9e753bb52195m.mp3
65f3ea1f80852b92e3417d3c5810195m,https://recordings.mum1.exotel.com/exotelrecordings/equalidentity1m/5ac50ace0c923df1a0380ad3275a195m.mp3
1cbe4c8cdea4a513ab138dd019b2195m,https://recordings.mum1.exotel.com/exotelrecordings/equalidentity1m/1119fcef761f663676e50d98837a195m.mp3
6b67be001aed618a5f4b7bc6e0d5195m,https://recordings.mum1.exotel.com/exotelrecordings/equalidentity1m/2b02acf8b14bfba1fb93d54e286b195m.mp3
ddfc751a7b4835bd0a738d87b83a195m,https://recordings.mum1.exotel.com/exotelrecordings/equalidentity1m/ddfc751a7b4835bd0a738d87b83a195m.mp3
d8f042e900d147faa8fdbf0cf0b5195m,https://recordings.mum1.exotel.com/exotelrecordings/equalidentity1m/ab76aa1ac9b24021c2255b56b762195m.mp3
3cf1a0ce03eb8eb69ff205e8c716195m,https://recordings.mum1.exotel.com/exotelrecordings/equalidentity1m/3cf1a0ce03eb8eb69ff205e8c716195m.mp3
ed6830c10ff1aae2563ffae9462d195m,https://recordings.mum1.exotel.com/exotelrecordings/equalidentity1m/ed6830c10ff1aae2563ffae9462d195m.mp3
006aed6db83c9e609ac16ffcfbb1195m,https://recordings.mum1.exotel.com/exotelrecordings/equalidentity1m/006aed6db83c9e609ac16ffcfbb1195m.mp3
c1f3f5e1c87e51ad5cd41c378afd195m,https://recordings.mum1.exotel.com/exotelrecordings/equalidentity1m/5b108806504b2b018c1eb5bc2902195m.mp3
89332c9ff004b10d2b00071bd264195m,https://recordings.mum1.exotel.com/exotelrecordings/equalidentity1m/529d56cbb010efb30950ffe66cb8195m.mp3
2edc035ce3894fd26b1ed72342af195m,https://recordings.mum1.exotel.com/exotelrecordings/equalidentity1m/2edc035ce3894fd26b1ed72342af195m.mp3
b136d89192aa3405e930d49e0bc4195m,https://recordings.mum1.exotel.com/exotelrecordings/equalidentity1m/b136d89192aa3405e930d49e0bc4195m.mp3
662ff37a79d402b8b9cecf5bd72d195m,https://recordings.mum1.exotel.com/exotelrecordings/equalidentity1m/662ff37a79d402b8b9cecf5bd72d195m.mp3
9ed5290d27c211e5c3589f53b33a195m,https://recordings.mum1.exotel.com/exotelrecordings/equalidentity1m/9ed5290d27c211e5c3589f53b33a195m.mp3
76ce0c8f23ac813c8d7993c1eb33195m,https://recordings.mum1.exotel.com/exotelrecordings/equalidentity1m/76ce0c8f23ac813c8d7993c1eb33195m.mp3
befe35e3f4bf31fa6b21438e25bd195m,https://recordings.mum1.exotel.com/exotelrecordings/equalidentity1m/befe35e3f4bf31fa6b21438e25bd195m.mp3
cb1aa924e561b2b5a8d935d4af40195m,https://recordings.mum1.exotel.com/exotelrecordings/equalidentity1m/cb1aa924e561b2b5a8d935d4af40195m.mp3
8ca363a3d2dfce80817a8c1f3735195m,https://recordings.mum1.exotel.com/exotelrecordings/equalidentity1m/8ca363a3d2dfce80817a8c1f3735195m.mp3
f5d2d69aa9ee7be5599f16b52b09195m,https://recordings.mum1.exotel.com/exotelrecordings/equalidentity1m/07527debdd8bb4b0f21d41c7875f195m.mp3
995e30158702bf9668e33cd4e66c195m,https://recordings.mum1.exotel.com/exotelrecordings/equalidentity1m/5e9209f48c0d11c4afa8eb9702da195m.mp3
e929451339808afa5c7474b2f819195m,https://recordings.mum1.exotel.com/exotelrecordings/equalidentity1m/42d7f960d76b2444f144c83ad0cb195m.mp3
bfba088f64172af15c533fc9376d195m,https://recordings.mum1.exotel.com/exotelrecordings/equalidentity1m/f27cf067aa28372d809d0e0c68be195m.mp3
411516c5dd7c2bc379c05488d468195m,https://recordings.mum1.exotel.com/exotelrecordings/equalidentity1m/c50c981215f5def01e632b0bc169195m.mp3
9e3f4bc43357c35c66d408d21f98195m,https://recordings.mum1.exotel.com/exotelrecordings/equalidentity1m/e5aca67e71b5017ee5e0dc37555f195m.mp3
7ac31c0c921c6fe7b71ebf18839b195m,https://recordings.mum1.exotel.com/exotelrecordings/equalidentity1m/58c68a997a4858e5686e0060e219195m.mp3
d3965b4ee292f368b2c2fa20559d195m,https://recordings.mum1.exotel.com/exotelrecordings/equalidentity1m/d3965b4ee292f368b2c2fa20559d195m.mp3
59bd8963204a7d11151bfa2b0717195m,https://recordings.mum1.exotel.com/exotelrecordings/equalidentity1m/98268eb9ee046c9793d62c9e33fa195m.mp3
0c8f2baf8c0d088d66e6092247ad195m,https://recordings.mum1.exotel.com/exotelrecordings/equalidentity1m/ad506d7fb1cef8468600440beeed195m.mp3
7ea476bd3c88345718e285375b6c195m,https://recordings.mum1.exotel.com/exotelrecordings/equalidentity1m/1dea8122bcfb512c81ed1f3e1077195m.mp3
c0f36b5b0547444c4979164e279d195m,https://recordings.mum1.exotel.com/exotelrecordings/equalidentity1m/51343dec29230f6f7de7b123956d195m.mp3
63257954a1c930430b2aadf722e3195m,https://recordings.mum1.exotel.com/exotelrecordings/equalidentity1m/fcd6893648014a9cb0c152dc1531195m.mp3
185cc28eb50f06d60da90d95268c195m,https://recordings.mum1.exotel.com/exotelrecordings/equalidentity1m/b56b757883827084b847a0cb58d3195m.mp3
5b1fbb193fd03e93fb1429e0bddd195m,https://recordings.mum1.exotel.com/exotelrecordings/equalidentity1m/fc7992ec7b2bb4349e0a0b961257195m.mp3
989c4687582ae4572fa717a7620a195m,https://recordings.mum1.exotel.com/exotelrecordings/equalidentity1m/9f718515f7ac79252fa0eced73be195m.mp3
2e188ea006993b81c2016f768a6c195m,https://recordings.mum1.exotel.com/exotelrecordings/equalidentity1m/2d4cf67d79944637b6385ea64242195m.mp3
396cc67a2731e56f9307f5681ada195m,https://recordings.mum1.exotel.com/exotelrecordings/equalidentity1m/396cc67a2731e56f9307f5681ada195m.mp3
f2f9fe83b463a69154fe49b460ec195m,https://recordings.mum1.exotel.com/exotelrecordings/equalidentity1m/f2f9fe83b463a69154fe49b460ec195m.mp3
d1956dd2b51cb72750b731471d37195m,https://recordings.mum1.exotel.com/exotelrecordings/equalidentity1m/d1956dd2b51cb72750b731471d37195m.mp3
e76cca0652339812549dc1c3ff67195m,https://recordings.mum1.exotel.com/exotelrecordings/equalidentity1m/e76cca0652339812549dc1c3ff67195m.mp3
4f95c9242188e2a82362b79a5db2195m,https://recordings.mum1.exotel.com/exotelrecordings/equalidentity1m/4f95c9242188e2a82362b79a5db2195m.mp3
933230e6a31cd36acd52c9da5ae7195n,https://recordings.mum1.exotel.com/exotelrecordings/equalidentity1m/933230e6a31cd36acd52c9da5ae7195n.mp3
892ea0e2fd7158f48c39e6474bf9195n,https://recordings.mum1.exotel.com/exotelrecordings/equalidentity1m/892ea0e2fd7158f48c39e6474bf9195n.mp3
5eac2edd65d7813b76d945b5df16195n,https://recordings.mum1.exotel.com/exotelrecordings/equalidentity1m/5eac2edd65d7813b76d945b5df16195n.mp3
c10dfbdb664d975e488fa9aff2fd195n,https://recordings.mum1.exotel.com/exotelrecordings/equalidentity1m/c10dfbdb664d975e488fa9aff2fd195n.mp3
b6b51076e009a89118c9af139e8b195n,https://recordings.mum1.exotel.com/exotelrecordings/equalidentity1m/b6b51076e009a89118c9af139e8b195n.mp3
345da33b58bc19c7b1627bfb8699195n,https://recordings.mum1.exotel.com/exotelrecordings/equalidentity1m/345da33b58bc19c7b1627bfb8699195n.mp3
078cc90f83f4dfe539a6a749a748195n,https://recordings.mum1.exotel.com/exotelrecordings/equalidentity1m/078cc90f83f4dfe539a6a749a748195n.mp3
0cd32779bc2285aa53c9e08d197b195n,https://recordings.mum1.exotel.com/exotelrecordings/equalidentity1m/0cd32779bc2285aa53c9e08d197b195n.mp3
d0291a6eaa3c1ebf795d2bd4cb0a195n,https://recordings.mum1.exotel.com/exotelrecordings/equalidentity1m/d0291a6eaa3c1ebf795d2bd4cb0a195n.mp3
5a9836a7589e4d87da25720c6134195n,https://recordings.mum1.exotel.com/exotelrecordings/equalidentity1m/5a9836a7589e4d87da25720c6134195n.mp3
5f69ebca24b51ad65b83eb866294195n,https://recordings.mum1.exotel.com/exotelrecordings/equalidentity1m/5f69ebca24b51ad65b83eb866294195n.mp3
b1f02adbed7c1f9b335c1b25bb9f195n,https://recordings.mum1.exotel.com/exotelrecordings/equalidentity1m/b1f02adbed7c1f9b335c1b25bb9f195n.mp3
dffbf52f94ed0e6b817749f7d9ef195n,https://recordings.mum1.exotel.com/exotelrecordings/equalidentity1m/dffbf52f94ed0e6b817749f7d9ef195n.mp3
7821a8a0be06a8ef508d4112b10c195n,https://recordings.mum1.exotel.com/exotelrecordings/equalidentity1m/7821a8a0be06a8ef508d4112b10c195n.mp3
30e3c48d6b9249361f298fbedddd195n,https://recordings.mum1.exotel.com/exotelrecordings/equalidentity1m/30e3c48d6b9249361f298fbedddd195n.mp3
234977f5048a834240b5701bd6e5195n,https://recordings.mum1.exotel.com/exotelrecordings/equalidentity1m/234977f5048a834240b5701bd6e5195n.mp3
023841e2fa974b64f2a844d3e518195n,https://recordings.mum1.exotel.com/exotelrecordings/equalidentity1m/023841e2fa974b64f2a844d3e518195n.mp3
fc5b6ebfd55f746cfc1ac89e5a07195n,https://recordings.mum1.exotel.com/exotelrecordings/equalidentity1m/fc5b6ebfd55f746cfc1ac89e5a07195n.mp3
fce14200eb2ad95295e8ffcaeefd195n,https://recordings.mum1.exotel.com/exotelrecordings/equalidentity1m/5710c51bd13a5e77beb00d74f029195n.mp3
8eb3f6a4c98701484f0173e55f42195n,https://recordings.mum1.exotel.com/exotelrecordings/equalidentity1m/8eb3f6a4c98701484f0173e55f42195n.mp3
d4640f4df20823972a2bb7191c14195n,https://recordings.mum1.exotel.com/exotelrecordings/equalidentity1m/d4640f4df20823972a2bb7191c14195n.mp3
d8c1de4ced2c61024cdcbb4ccf77195n,https://recordings.mum1.exotel.com/exotelrecordings/equalidentity1m/d8c1de4ced2c61024cdcbb4ccf77195n.mp3
fae4c89e0b4e00e1326ece023157195n,https://recordings.mum1.exotel.com/exotelrecordings/equalidentity1m/fae4c89e0b4e00e1326ece023157195n.mp3
d930b4109e3d0fcb1b6643a7fc26195n,https://recordings.mum1.exotel.com/exotelrecordings/equalidentity1m/d930b4109e3d0fcb1b6643a7fc26195n.mp3
4ba2821405b94d07ed6528cd0249195n,https://recordings.mum1.exotel.com/exotelrecordings/equalidentity1m/4ba2821405b94d07ed6528cd0249195n.mp3
a172bf37648924631e8904758f25195n,https://recordings.mum1.exotel.com/exotelrecordings/equalidentity1m/5d08f9ab885904a865c462c55486195n.mp3
536751c0c9e77258c4a216a6be47195n,https://recordings.mum1.exotel.com/exotelrecordings/equalidentity1m/1fa7b17562bf07cbceb0627b46eb195n.mp3
bd1e767362465bcff3c6df57ae9f195n,https://recordings.mum1.exotel.com/exotelrecordings/equalidentity1m/bd1e767362465bcff3c6df57ae9f195n.mp3
6d0f473265fb82e15b84c56dd4a4195n,https://recordings.mum1.exotel.com/exotelrecordings/equalidentity1m/3630cbbefdbad3d8482df018db2f195n.mp3
7abc6b02009612a9e7df08c42555195n,https://recordings.mum1.exotel.com/exotelrecordings/equalidentity1m/51d7107306bb657650942dafd0cf195n.mp3
660c2a6269e5966f05e241ec09c6195n,https://recordings.mum1.exotel.com/exotelrecordings/equalidentity1m/14286c0ecd97d86964e2344b9436195n.mp3
8109d5002069777da6932636262e195n,https://recordings.mum1.exotel.com/exotelrecordings/equalidentity1m/adf2dbc04e828a02a3444ea8f571195n.mp3
4ee662f8454d1461e97fb8803372195n,https://recordings.mum1.exotel.com/exotelrecordings/equalidentity1m/4ee662f8454d1461e97fb8803372195n.mp3
ec3d88029dba75e9e9d38f818407195n,https://recordings.mum1.exotel.com/exotelrecordings/equalidentity1m/ec3d88029dba75e9e9d38f818407195n.mp3
26ad0b76b17cb868981256b0190a195n,https://recordings.mum1.exotel.com/exotelrecordings/equalidentity1m/26ad0b76b17cb868981256b0190a195n.mp3
d4098c23659312a228f06fb4dddd195n,https://recordings.mum1.exotel.com/exotelrecordings/equalidentity1m/d4098c23659312a228f06fb4dddd195n.mp3
70875372ac454b48e504a35faf8f195n,https://recordings.mum1.exotel.com/exotelrecordings/equalidentity1m/70875372ac454b48e504a35faf8f195n.mp3
839da9b227d27142f63493e377f8195n,https://recordings.mum1.exotel.com/exotelrecordings/equalidentity1m/839da9b227d27142f63493e377f8195n.mp3
d02764752327f1bdd7ea229dce42195n,https://recordings.mum1.exotel.com/exotelrecordings/equalidentity1m/5c1ec16b00905a5f61ea80e412ba195n.mp3
5798dad47afc4936d25b30f1c163195n,https://recordings.mum1.exotel.com/exotelrecordings/equalidentity1m/cdd9cf403dfd74c90115a09df848195n.mp3
b0e8c9e58d1f8596b14fcbcb2238195n,https://recordings.mum1.exotel.com/exotelrecordings/equalidentity1m/38e6814f069821abbb0185261ed2195n.mp3
320d80a1e6d135b4e53e2543ecd9195n,https://recordings.mum1.exotel.com/exotelrecordings/equalidentity1m/83b548f85912388abdd36f24cf19195n.mp3
1208d4395ac33a22cf0a79724999195n,https://recordings.mum1.exotel.com/exotelrecordings/equalidentity1m/6b54e6e7aff90584fd0dda4d9f10195n.mp3
dd827ebcde808625fa79e213b4d7195n,https://recordings.mum1.exotel.com/exotelrecordings/equalidentity1m/9311d47514b6777190d3024e56a7195n.mp3
cbd6266d90a9b59892c7363edab4195n,https://recordings.mum1.exotel.com/exotelrecordings/equalidentity1m/991f21544c01bbfe465e938a8f09195n.mp3
b036687955b9fcfa0bb7b7090c0f195n,https://recordings.mum1.exotel.com/exotelrecordings/equalidentity1m/b036687955b9fcfa0bb7b7090c0f195n.mp3
72a2932a7ade01f1a2eeeedd9c73195n,https://recordings.mum1.exotel.com/exotelrecordings/equalidentity1m/72a2932a7ade01f1a2eeeedd9c73195n.mp3
7675855451909e6f7246a4f283a6195n,https://recordings.mum1.exotel.com/exotelrecordings/equalidentity1m/7675855451909e6f7246a4f283a6195n.mp3
47be7f80680b3e352280723740fd195n,https://recordings.mum1.exotel.com/exotelrecordings/equalidentity1m/8b5cd12827feee86a96dca6430a6195n.mp3
6b3e5c0c1da1e2e0efc837d6d7ef195n,https://recordings.mum1.exotel.com/exotelrecordings/equalidentity1m/c945827b1331749caa8a8ef9fdef195n.mp3
afe77f6ad2b745c3150292869683195n,https://recordings.mum1.exotel.com/exotelrecordings/equalidentity1m/afe77f6ad2b745c3150292869683195n.mp3
c23b0f1ebec4552c7559933df5bf195n,https://recordings.mum1.exotel.com/exotelrecordings/equalidentity1m/c23b0f1ebec4552c7559933df5bf195n.mp3
0deb86dcf5eafa7df4446f51a5eb195n,https://recordings.mum1.exotel.com/exotelrecordings/equalidentity1m/0deb86dcf5eafa7df4446f51a5eb195n.mp3
79b4478a826707a296b7f5629bf5195n,https://recordings.mum1.exotel.com/exotelrecordings/equalidentity1m/563c46f44225294bd1d69454721d195n.mp3
937317f49524d9d832ee281b553a195n,https://recordings.mum1.exotel.com/exotelrecordings/equalidentity1m/17f575bd94057ef79e55a5867059195n.mp3
ac6e723358cf59a2ab442c40b267195n,https://recordings.mum1.exotel.com/exotelrecordings/equalidentity1m/ac6e723358cf59a2ab442c40b267195n.mp3
cf336dd91bcfcd4c02a89d7a8e7c195o,https://recordings.mum1.exotel.com/exotelrecordings/equalidentity1m/cf336dd91bcfcd4c02a89d7a8e7c195o.mp3
0b5229a3bc49aa8673a0e62f7ff7195o,https://recordings.mum1.exotel.com/exotelrecordings/equalidentity1m/0b5229a3bc49aa8673a0e62f7ff7195o.mp3
eb974bd66cf474f0f0d31736a1ea195o,https://recordings.mum1.exotel.com/exotelrecordings/equalidentity1m/eb974bd66cf474f0f0d31736a1ea195o.mp3
c149ef75e9cbc7a3a94fdc198b54195o,https://recordings.mum1.exotel.com/exotelrecordings/equalidentity1m/c149ef75e9cbc7a3a94fdc198b54195o.mp3
c98ca0016efede63c55697cf03c9195o,https://recordings.mum1.exotel.com/exotelrecordings/equalidentity1m/c98ca0016efede63c55697cf03c9195o.mp3
8cd1dd3f6d1ee6e3b770485fe9be195o,https://recordings.mum1.exotel.com/exotelrecordings/equalidentity1m/8cd1dd3f6d1ee6e3b770485fe9be195o.mp3
02cc568f1c2c06a70e31131b852d195o,https://recordings.mum1.exotel.com/exotelrecordings/equalidentity1m/02cc568f1c2c06a70e31131b852d195o.mp3
fcbb1bb660afba02b1bdcab5938a195o,https://recordings.mum1.exotel.com/exotelrecordings/equalidentity1m/fcbb1bb660afba02b1bdcab5938a195o.mp3
13f490a4fce463cccdfcf639ee2f195o,https://recordings.mum1.exotel.com/exotelrecordings/equalidentity1m/13f490a4fce463cccdfcf639ee2f195o.mp3
f49442b8e756eaf9ba19439e730d195o,https://recordings.mum1.exotel.com/exotelrecordings/equalidentity1m/f49442b8e756eaf9ba19439e730d195o.mp3
bae6bf6ca15580453386fe0b543a195o,https://recordings.mum1.exotel.com/exotelrecordings/equalidentity1m/bae6bf6ca15580453386fe0b543a195o.mp3
c215ee479834e5072b16c7d4db82195o,https://recordings.mum1.exotel.com/exotelrecordings/equalidentity1m/c215ee479834e5072b16c7d4db82195o.mp3
2e7957dfd5e206f90fa61225028b195o,https://recordings.mum1.exotel.com/exotelrecordings/equalidentity1m/2e7957dfd5e206f90fa61225028b195o.mp3
d571eaae3fa0ccdd0343f63fa130195o,https://recordings.mum1.exotel.com/exotelrecordings/equalidentity1m/d571eaae3fa0ccdd0343f63fa130195o.mp3
f35dc3b13d7d7af4d2ad2b1ef5d4195o,https://recordings.mum1.exotel.com/exotelrecordings/equalidentity1m/f35dc3b13d7d7af4d2ad2b1ef5d4195o.mp3
52fe88c76bf1091d5d6186c64c2e195o,https://recordings.mum1.exotel.com/exotelrecordings/equalidentity1m/52fe88c76bf1091d5d6186c64c2e195o.mp3
f99c7a11267a91b7a9f3fef9dafe195o,https://recordings.mum1.exotel.com/exotelrecordings/equalidentity1m/f99c7a11267a91b7a9f3fef9dafe195o.mp3
cd19f9d29311087c21c20cdd8992195p,https://recordings.mum1.exotel.com/exotelrecordings/equalidentity1m/cd19f9d29311087c21c20cdd8992195p.mp3
a8b23cbe5c22b62f949d653c15b2195p,https://recordings.mum1.exotel.com/exotelrecordings/equalidentity1m/a8b23cbe5c22b62f949d653c15b2195p.mp3
0f49948aea2cbc80eb72221661c8195p,https://recordings.mum1.exotel.com/exotelrecordings/equalidentity1m/0f49948aea2cbc80eb72221661c8195p.mp3
c4fcf7f05cfa67f83c8dd6f12aa9195p,https://recordings.mum1.exotel.com/exotelrecordings/equalidentity1m/c4fcf7f05cfa67f83c8dd6f12aa9195p.mp3
c357b0d63f3cecd9314213c78187195p,https://recordings.mum1.exotel.com/exotelrecordings/equalidentity1m/c357b0d63f3cecd9314213c78187195p.mp3
09f33f9a9d894251090feae4ffb0195p,https://recordings.mum1.exotel.com/exotelrecordings/equalidentity1m/09f33f9a9d894251090feae4ffb0195p.mp3
a9b184525765b97c11a9d35113f3195p,https://recordings.mum1.exotel.com/exotelrecordings/equalidentity1m/a9b184525765b97c11a9d35113f3195p.mp3
408f7352440882f44a669213a2b5195p,https://recordings.mum1.exotel.com/exotelrecordings/equalidentity1m/408f7352440882f44a669213a2b5195p.mp3
65b3b8cdb424db7325102005ab7b195p,https://recordings.mum1.exotel.com/exotelrecordings/equalidentity1m/65b3b8cdb424db7325102005ab7b195p.mp3
8be2007426e5f44006613acb3655195p,https://recordings.mum1.exotel.com/exotelrecordings/equalidentity1m/8be2007426e5f44006613acb3655195p.mp3
244ccf77d7885e593e4c61538d1a195p,https://recordings.mum1.exotel.com/exotelrecordings/equalidentity1m/244ccf77d7885e593e4c61538d1a195p.mp3
e50f114c53b2a7aca4c62ddb7a0d195p,https://recordings.mum1.exotel.com/exotelrecordings/equalidentity1m/e50f114c53b2a7aca4c62ddb7a0d195p.mp3
5aa29dd411eec76cf0ca9e08fdd7195p,https://recordings.mum1.exotel.com/exotelrecordings/equalidentity1m/5aa29dd411eec76cf0ca9e08fdd7195p.mp3
1ac422189447952a7f083b220b4e195p,https://recordings.mum1.exotel.com/exotelrecordings/equalidentity1m/1ac422189447952a7f083b220b4e195p.mp3
c83305365fd5d65ebc9d5f4726dd195p,https://recordings.mum1.exotel.com/exotelrecordings/equalidentity1m/c83305365fd5d65ebc9d5f4726dd195p.mp3
cef47dfa16166a7b54cf20451b97195p,https://recordings.mum1.exotel.com/exotelrecordings/equalidentity1m/cef47dfa16166a7b54cf20451b97195p.mp3
453063e4751b35fd46a4eb629ea0195p,https://recordings.mum1.exotel.com/exotelrecordings/equalidentity1m/453063e4751b35fd46a4eb629ea0195p.mp3
d4d9c3cffe3a5cba76f23168cb06195q,https://recordings.mum1.exotel.com/exotelrecordings/equalidentity1m/d4d9c3cffe3a5cba76f23168cb06195q.mp3
3535b404d54e6525ef99b45b2c0a195q,https://recordings.mum1.exotel.com/exotelrecordings/equalidentity1m/3535b404d54e6525ef99b45b2c0a195q.mp3
3b0f2d6f1ef70da385a52a9a7544195q,https://recordings.mum1.exotel.com/exotelrecordings/equalidentity1m/3b0f2d6f1ef70da385a52a9a7544195q.mp3
6137d9e6e7a580c7f3d1b3bb6c59195q,https://recordings.mum1.exotel.com/exotelrecordings/equalidentity1m/6137d9e6e7a580c7f3d1b3bb6c59195q.mp3
481f84855221f213eba52e6c3dce195q,https://recordings.mum1.exotel.com/exotelrecordings/equalidentity1m/481f84855221f213eba52e6c3dce195q.mp3
7736f94ce6d09262800bf65da930195q,https://recordings.mum1.exotel.com/exotelrecordings/equalidentity1m/7736f94ce6d09262800bf65da930195q.mp3
dad9519fb243dcf53a0d760e10ed195q,https://recordings.mum1.exotel.com/exotelrecordings/equalidentity1m/dad9519fb243dcf53a0d760e10ed195q.mp3
f98099ea3aee77260980eb78316d195q,https://recordings.mum1.exotel.com/exotelrecordings/equalidentity1m/f98099ea3aee77260980eb78316d195q.mp3
f21e6fef62fa1c62ba75d66ab63b195q,https://recordings.mum1.exotel.com/exotelrecordings/equalidentity1m/f21e6fef62fa1c62ba75d66ab63b195q.mp3
482812418eb8fd6baeda76110555195q,https://recordings.mum1.exotel.com/exotelrecordings/equalidentity1m/482812418eb8fd6baeda76110555195q.mp3
88fa4412e14dc154b7ec9928d44d195q,https://recordings.mum1.exotel.com/exotelrecordings/equalidentity1m/88fa4412e14dc154b7ec9928d44d195q.mp3
369abb5babd0121b008391aeb793195q,https://recordings.mum1.exotel.com/exotelrecordings/equalidentity1m/369abb5babd0121b008391aeb793195q.mp3
26e5fc44d424ac0e47302542fe43195q,https://recordings.mum1.exotel.com/exotelrecordings/equalidentity1m/26e5fc44d424ac0e47302542fe43195q.mp3
3a630ba610d5f495e9ecedaf98da195q,https://recordings.mum1.exotel.com/exotelrecordings/equalidentity1m/3a630ba610d5f495e9ecedaf98da195q.mp3
1d30d74bb57d4119462b4f42543c195q,https://recordings.mum1.exotel.com/exotelrecordings/equalidentity1m/1d30d74bb57d4119462b4f42543c195q.mp3
f7f785beef83ee27cf8eaa3b0191195q,https://recordings.mum1.exotel.com/exotelrecordings/equalidentity1m/f70fedeac5595877e95d97705216195q.mp3
53e4fcf13389e9de2e5cd86ab829195q,https://recordings.mum1.exotel.com/exotelrecordings/equalidentity1m/3392dca6aac313db95870d7f2013195q.mp3
75602c789359e9523cafa02e43d9195q,https://recordings.mum1.exotel.com/exotelrecordings/equalidentity1m/75602c789359e9523cafa02e43d9195q.mp3
e86fe9f00e78ed40a1d1caf159f2195q,https://recordings.mum1.exotel.com/exotelrecordings/equalidentity1m/4f5b7c5bb2f0ac7431e7131a5008195q.mp3
1b9560768ad6ef0be65c17fa6109195q,https://recordings.mum1.exotel.com/exotelrecordings/equalidentity1m/1b9560768ad6ef0be65c17fa6109195q.mp3
6b288969f7bde0883201cb49ff7f195q,https://recordings.mum1.exotel.com/exotelrecordings/equalidentity1m/6b288969f7bde0883201cb49ff7f195q.mp3
f11c43de0bb71bcfd895e590f9ca195q,https://recordings.mum1.exotel.com/exotelrecordings/equalidentity1m/f11c43de0bb71bcfd895e590f9ca195q.mp3
a86734df38b18c744da62343f48e195q,https://recordings.mum1.exotel.com/exotelrecordings/equalidentity1m/a86734df38b18c744da62343f48e195q.mp3
565064811d076d8d4c41235e48ec195q,https://recordings.mum1.exotel.com/exotelrecordings/equalidentity1m/565064811d076d8d4c41235e48ec195q.mp3
7501eb06cb153d7fe5480fd53163195q,https://recordings.mum1.exotel.com/exotelrecordings/equalidentity1m/7501eb06cb153d7fe5480fd53163195q.mp3
283480a93ede163b142c8ff29300195q,https://recordings.mum1.exotel.com/exotelrecordings/equalidentity1m/6e2f1c47e9a9f2c9ae0031a18577195q.mp3
af425edc1ef577497d6d7ea52f32195q,https://recordings.mum1.exotel.com/exotelrecordings/equalidentity1m/c17f43712340ee85a5a33d78f89a195q.mp3
87dfe8748e2c254e03a26f36ebb4195q,https://recordings.mum1.exotel.com/exotelrecordings/equalidentity1m/87fa8f56aec26c6d23f24acdce99195q.mp3
d6c0803315e61d84b0ce74c3790e195q,https://recordings.mum1.exotel.com/exotelrecordings/equalidentity1m/cc4c9b4babcd53ab457426e2dc9b195q.mp3
b68e9625a9f6a5aff486be4a0135195q,https://recordings.mum1.exotel.com/exotelrecordings/equalidentity1m/5aeec18b0bb01953f84ed3959492195q.mp3
2fb24925ed58e11c45800eab9476195q,https://recordings.mum1.exotel.com/exotelrecordings/equalidentity1m/d0ff1eeb451ebd439b9d5e04cf65195q.mp3
abf4a8f64d4b75166caedf0db528195q,https://recordings.mum1.exotel.com/exotelrecordings/equalidentity1m/de9d08bbb6a13ac25c2d8c33c63b195q.mp3
781d531a840bb100e74edaf7a780195q,https://recordings.mum1.exotel.com/exotelrecordings/equalidentity1m/4e39fd7316bc7f2f3d1a80fd4991195q.mp3
ba7909c2304c4d0ea68299a46f6f195q,https://recordings.mum1.exotel.com/exotelrecordings/equalidentity1m/7f6fe71501b5c50fb0b5b4849476195q.mp3
06cfed2fad819822ce4759593a0c195q,https://recordings.mum1.exotel.com/exotelrecordings/equalidentity1m/2d7c917facc87962ee95f5c3e937195q.mp3
3b5e6a6686ce3711e17cb5826e5f195q,https://recordings.mum1.exotel.com/exotelrecordings/equalidentity1m/46b4dab31b3087f15217ea4d435f195q.mp3
0b0e635c98d02e390d0c77fbec3c195q,https://recordings.mum1.exotel.com/exotelrecordings/equalidentity1m/816a7f3c125f9f9173a0bbef3e87195q.mp3
8191c6cc64c2450c660b72a8ecc9195q,https://recordings.mum1.exotel.com/exotelrecordings/equalidentity1m/2d049880e891fe2b3a61d8fb3d72195q.mp3
240be6c9a331150549e654a0f7ea195q,https://recordings.mum1.exotel.com/exotelrecordings/equalidentity1m/240be6c9a331150549e654a0f7ea195q.mp3
879e92a7dfafd02c1aaf4da71ad8195q,https://recordings.mum1.exotel.com/exotelrecordings/equalidentity1m/9d64658bc091923daafa4c138dcb195q.mp3
9b55e61f04c3b4e42e1ba44456fe195q,https://recordings.mum1.exotel.com/exotelrecordings/equalidentity1m/9b55e61f04c3b4e42e1ba44456fe195q.mp3
cc6ab5bc052a1d05d8a68f690d91195q,https://recordings.mum1.exotel.com/exotelrecordings/equalidentity1m/fbfa1846fada5958d75ab64eb5c3195q.mp3
40b47bd1166aae23ca7abeafd4a4195q,https://recordings.mum1.exotel.com/exotelrecordings/equalidentity1m/40b47bd1166aae23ca7abeafd4a4195q.mp3
cc676e9c290ffa85bf89ff1290a3195q,https://recordings.mum1.exotel.com/exotelrecordings/equalidentity1m/cc676e9c290ffa85bf89ff1290a3195q.mp3
9ea620fad819b221ea9c8083d143195q,https://recordings.mum1.exotel.com/exotelrecordings/equalidentity1m/9ea620fad819b221ea9c8083d143195q.mp3
a4ca6830b27f3feb1079f9b18a40195q,https://recordings.mum1.exotel.com/exotelrecordings/equalidentity1m/a4ca6830b27f3feb1079f9b18a40195q.mp3
77d39de867b2247c22fbb00951bb195q,https://recordings.mum1.exotel.com/exotelrecordings/equalidentity1m/77d39de867b2247c22fbb00951bb195q.mp3
c45517da70e956a81ac1ddc2e1ba195q,https://recordings.mum1.exotel.com/exotelrecordings/equalidentity1m/9b3887212176060d371ef643ab0c195q.mp3
5a3e029927533032a0d9e1b38f03195q,https://recordings.mum1.exotel.com/exotelrecordings/equalidentity1m/deca7090cf409e1dc9948cc662df195q.mp3
19ad21ced67820d681521d962aed195q,https://recordings.mum1.exotel.com/exotelrecordings/equalidentity1m/fdb95dffa72cd91ea5ce6e12f61f195q.mp3
44b4fe47295c81d1e26db77fab05195q,https://recordings.mum1.exotel.com/exotelrecordings/equalidentity1m/bf530abbbe920101fae48a4e5f80195q.mp3
d844390edc060418218a6725ffb3195q,https://recordings.mum1.exotel.com/exotelrecordings/equalidentity1m/d844390edc060418218a6725ffb3195q.mp3
8c560c99e61909a506d82e61adcd195q,https://recordings.mum1.exotel.com/exotelrecordings/equalidentity1m/70807376178717205bd10db34cb2195q.mp3
b23959827cb57dde04f88080323e195q,https://recordings.mum1.exotel.com/exotelrecordings/equalidentity1m/cb37a325903ecfb01b244037ac2a195q.mp3
b77d2145d3dbce5ce522446a68ed195q,https://recordings.mum1.exotel.com/exotelrecordings/equalidentity1m/4fde1f660fbff97bf1dde3b0dca5195q.mp3
74489e0d471b13a6bb4d7c1179b7195q,https://recordings.mum1.exotel.com/exotelrecordings/equalidentity1m/99fab93c3b9c6a26c532cba6f516195q.mp3
6a0154aae79cdd768e593ca5ce8d195q,https://recordings.mum1.exotel.com/exotelrecordings/equalidentity1m/a07cdc79ecb663f5a0fb99662520195q.mp3
dd990e1046292a3be5eb4b57ab85195q,https://recordings.mum1.exotel.com/exotelrecordings/equalidentity1m/dd990e1046292a3be5eb4b57ab85195q.mp3
188e3b7d48ed69d0b1ff4dbbac96195q,https://recordings.mum1.exotel.com/exotelrecordings/equalidentity1m/188e3b7d48ed69d0b1ff4dbbac96195q.mp3
56993c7f7eb1cf56e2361b85eda5195q,https://recordings.mum1.exotel.com/exotelrecordings/equalidentity1m/56993c7f7eb1cf56e2361b85eda5195q.mp3
84a5a4b72b0ed0e3396b92de3ebe195q,https://recordings.mum1.exotel.com/exotelrecordings/equalidentity1m/eedc77504aa577eb99d48b7808aa195q.mp3
f6f5c773ca5f3eaa0536aafc149a195q,https://recordings.mum1.exotel.com/exotelrecordings/equalidentity1m/f6f5c773ca5f3eaa0536aafc149a195q.mp3
3cf80dbf4b1d9bfea442ccbdbc19195q,https://recordings.mum1.exotel.com/exotelrecordings/equalidentity1m/3cf80dbf4b1d9bfea442ccbdbc19195q.mp3
078ca370556a57d71ef4d72f106c195q,https://recordings.mum1.exotel.com/exotelrecordings/equalidentity1m/078ca370556a57d71ef4d72f106c195q.mp3
3b2428290f117f9fce346f95abea195q,https://recordings.mum1.exotel.com/exotelrecordings/equalidentity1m/3b2428290f117f9fce346f95abea195q.mp3
6f5b8cc6c30c7ec6f398421b74af195q,https://recordings.mum1.exotel.com/exotelrecordings/equalidentity1m/6f5b8cc6c30c7ec6f398421b74af195q.mp3
fa92e4c475e0ab548c5109b5422f195q,https://recordings.mum1.exotel.com/exotelrecordings/equalidentity1m/fa92e4c475e0ab548c5109b5422f195q.mp3
f01c5298868f6c3c38e92fe738f8195q,https://recordings.mum1.exotel.com/exotelrecordings/equalidentity1m/bd382cbc93a3d9dc5d5bd24f41c9195q.mp3
3ec9e14b76c3ca297bb84bd8f3e3195q,https://recordings.mum1.exotel.com/exotelrecordings/equalidentity1m/3ec9e14b76c3ca297bb84bd8f3e3195q.mp3
cecb5169525185ed8061cf9678a0195q,https://recordings.mum1.exotel.com/exotelrecordings/equalidentity1m/ea0ddbeae06c4f54cf63b8931185195q.mp3
9098e5529098ea122c208bef329a195q,https://recordings.mum1.exotel.com/exotelrecordings/equalidentity1m/9df2456baa493bc69c54fc08c3c3195q.mp3
064159623d054cfd37b9ba37afc1195q,https://recordings.mum1.exotel.com/exotelrecordings/equalidentity1m/9d4e50004e0fcb701c24e791da60195q.mp3
17deb8b7409b8ecff89839108372195q,https://recordings.mum1.exotel.com/exotelrecordings/equalidentity1m/9b466b128c8989c5b1f393de38cc195q.mp3
669c3ee22fac1fbf13e4527099be195q,https://recordings.mum1.exotel.com/exotelrecordings/equalidentity1m/b4339b7c567c1bb03e5fcf20b6e6195q.mp3
fb4ee60d19aa278f3b058792e21e195q,https://recordings.mum1.exotel.com/exotelrecordings/equalidentity1m/6a459699fb75bbab6d5aed472f69195q.mp3
5192a13fb4a83c909e43fc690700195q,https://recordings.mum1.exotel.com/exotelrecordings/equalidentity1m/364a0af8e1ae8bc924b489e6fca8195q.mp3
ed8805abb09b8c7a3564cdf1da5a195q,https://recordings.mum1.exotel.com/exotelrecordings/equalidentity1m/ed8805abb09b8c7a3564cdf1da5a195q.mp3
853d44299375af48d3385a9b9511195q,https://recordings.mum1.exotel.com/exotelrecordings/equalidentity1m/0f28dea5551e944f4e3d30e61fdf195q.mp3
429a1620a81476f34e95b545e4b7195q,https://recordings.mum1.exotel.com/exotelrecordings/equalidentity1m/b5adf0a0a8ee2fd0d303d63ccad9195q.mp3
19a71827d3203047c60d51bc83b4195q,https://recordings.mum1.exotel.com/exotelrecordings/equalidentity1m/9093328660904b55b03e00184992195q.mp3
58afc3dc1ce3e60089585f935111195q,https://recordings.mum1.exotel.com/exotelrecordings/equalidentity1m/10f6916681559bd6f33b2eab562b195q.mp3
9d4b3983f5e3b5a6e108e7ee42fe195q,https://recordings.mum1.exotel.com/exotelrecordings/equalidentity1m/9d4b3983f5e3b5a6e108e7ee42fe195q.mp3
165d008601fd01550d2692003b97195q,https://recordings.mum1.exotel.com/exotelrecordings/equalidentity1m/165d008601fd01550d2692003b97195q.mp3
7115155b069f258fbe7d452b6e89195q,https://recordings.mum1.exotel.com/exotelrecordings/equalidentity1m/7115155b069f258fbe7d452b6e89195q.mp3
d4e7601d48f5d21efb8dd84f52d1195q,https://recordings.mum1.exotel.com/exotelrecordings/equalidentity1m/d4e7601d48f5d21efb8dd84f52d1195q.mp3
85b3ae98dc55cbdc13eb86b302ac195q,https://recordings.mum1.exotel.com/exotelrecordings/equalidentity1m/85b3ae98dc55cbdc13eb86b302ac195q.mp3
f09c9f396deeff11ed9e29e56b92195q,https://recordings.mum1.exotel.com/exotelrecordings/equalidentity1m/741e610235191ed5cb1d75f1e238195q.mp3
d22e81cac4a8bb501e1dd623544f195q,https://recordings.mum1.exotel.com/exotelrecordings/equalidentity1m/8075ffe0b17092b73ac271709beb195q.mp3
c0745ec36596ce5f02e6ccc98f4d195q,https://recordings.mum1.exotel.com/exotelrecordings/equalidentity1m/07b7c0317eedd2c8406ef65fc3cf195q.mp3
4e94873793eaa52ccad9011b451e195q,https://recordings.mum1.exotel.com/exotelrecordings/equalidentity1m/4e94873793eaa52ccad9011b451e195q.mp3
ec297efd00e7a280b8b2f6b3dafb195q,https://recordings.mum1.exotel.com/exotelrecordings/equalidentity1m/ec297efd00e7a280b8b2f6b3dafb195q.mp3
7cf61ae1dade5f3912cd9d08ef4e195q,https://recordings.mum1.exotel.com/exotelrecordings/equalidentity1m/7cf61ae1dade5f3912cd9d08ef4e195q.mp3
43bd33690df68d45d5facff06945195q,https://recordings.mum1.exotel.com/exotelrecordings/equalidentity1m/390b4bfd22ba4c24886ad3c16d5d195q.mp3
6a1cca584c7f100ed0e01562741f195q,https://recordings.mum1.exotel.com/exotelrecordings/equalidentity1m/98424af273d3a550fdd76c613555195q.mp3
eb9bf3c8ace7f15dd5f2f618b150195q,https://recordings.mum1.exotel.com/exotelrecordings/equalidentity1m/e1a4d617306b5b5171eb8c0dc238195q.mp3
52fc0b19a949172340df4c0204a5195q,https://recordings.mum1.exotel.com/exotelrecordings/equalidentity1m/52fc0b19a949172340df4c0204a5195q.mp3
fe8e87bb153ebe2e8e5b222ab73d195q,https://recordings.mum1.exotel.com/exotelrecordings/equalidentity1m/fe8e87bb153ebe2e8e5b222ab73d195q.mp3
a7d36c4bf3956118e16da16c0d25195q,https://recordings.mum1.exotel.com/exotelrecordings/equalidentity1m/a7d36c4bf3956118e16da16c0d25195q.mp3
568f3c56a9969916f9c2e5f89665195q,https://recordings.mum1.exotel.com/exotelrecordings/equalidentity1m/568f3c56a9969916f9c2e5f89665195q.mp3
23a5708b12becefccac0934b538b195q,https://recordings.mum1.exotel.com/exotelrecordings/equalidentity1m/23a5708b12becefccac0934b538b195q.mp3